,/intelcpu/0/load/1,/intelcpu/0/load/2,/intelcpu/0/load/0,/intelcpu/0/temperature/0,/intelcpu/0/temperature/1,/intelcpu/0/temperature/2,/intelcpu/0/clock/1,/intelcpu/0/clock/2,/intelcpu/0/power/0,/intelcpu/0/power/1,/intelcpu/0/power/2,/intelcpu/0/clock/0,/ram/load/0,/ram/data/0,/ram/data/1,/hdd/0/temperature/0,/hdd/0/load/0,
Time,CPU Core #1,CPU Core #2,CPU Total,CPU Core #1,CPU Core #2,CPU Package,CPU Core #1,CPU Core #2,CPU Package,CPU Cores,CPU Graphics,Bus Speed,Memory,Used Memory,Available Memory,Temperature,Used Space,
11/19/2021 00:04:39,0.78125,1.53846145,1.1598587,39,39,40,1197.28418,1197.28418,1.788217,0.318903238,0.001615809,99.77368,31.510498,2.482483,5.39579,35,10.60173,39.33333333
11/19/2021 00:09:39,0,2.34375,1.171875,40,40,40,1197.284,1197.284,1.76992643,0.275350362,0.001494729,99.77367,31.57882,2.48786545,5.39040756,35,10.6017609,40
11/19/2021 00:14:39,1.51515007,1.53846145,1.52680874,39,39,39,1197.28418,1197.28418,1.91650939,0.418647468,0.001424379,99.77368,31.5815277,2.488079,5.390194,35,10.601799,39
11/19/2021 00:19:39,0,1.53846145,0.7692337,36,36,36,1197.284,1197.284,1.68328893,0.22623232,0.001294907,99.773674,31.6339188,2.49220657,5.38606644,35,10.6018829,36
11/19/2021 00:24:39,0,1.53846145,0.7692337,38,38,39,1197.28381,1197.28381,1.77258754,0.295315772,0.001416021,99.77364,31.7248077,2.49936676,5.37890625,35,10.601944,38.33333333
11/19/2021 00:29:39,0,2.30768919,1.15384459,38,38,38,1197.284,1197.284,1.80145383,0.3081054,0.001406532,99.773674,31.6302414,2.49191666,5.38635635,35,10.6019592,38
11/19/2021 00:34:38,2.34375,1.5625,1.953125,37,37,38,1197.284,1197.284,1.8257854,0.346563518,0.001433089,99.77367,31.6229782,2.49134445,5.38692856,35,10.60199,37.33333333
11/19/2021 00:39:39,0,2.34375,1.171875,39,39,39,1197.284,1197.284,1.742186,0.2587971,0.001611685,99.773674,31.6148376,2.49070358,5.38756943,35,10.6020355,39
11/19/2021 00:44:39,1.58730149,2.34375,1.96552277,39,39,39,1197.284,1197.284,1.85275161,0.366821826,0.00141665,99.77367,31.69072,2.49668121,5.381592,35,10.6020584,39
11/19/2021 00:49:39,0,1.5625,0.78125,39,39,39,1197.28394,1197.28394,1.78922,0.3002935,0.001451813,99.77367,31.5700073,2.48717117,5.391102,35,10.6020584,39
11/19/2021 00:54:39,0,3.90625,1.953125,40,40,41,1197.2843,1197.2843,2.0744915,0.5421643,0.001616777,99.77369,32.1967621,2.53654861,5.3417244,35,10.6021118,40.33333333
11/19/2021 00:59:39,0,2.34375,1.171875,38,38,38,1197.28455,1197.28455,1.79320669,0.301552981,0.001606528,99.77372,31.8697281,2.51078415,5.367489,35,10.60215,38
11/19/2021 01:04:39,1.58730149,0.78125,1.18427277,39,39,39,1197.28394,1197.28394,1.87880051,0.39854908,0.001305176,99.77367,31.8566589,2.50975418,5.368519,36,10.601944,39
11/19/2021 01:09:39,0,1.5625,0.78125,38,38,39,1197.284,1197.284,1.7109946,0.24129121,0.001416523,99.773674,31.91195,2.51411057,5.36416245,35,10.6019363,38.33333333
11/19/2021 01:14:39,0.7352948,2.30768919,1.521492,39,39,40,1197.284,1197.284,1.92984414,0.432379872,0.00147165,99.773674,31.90406,2.51348877,5.36478424,35,10.6012039,39.33333333
11/19/2021 01:19:39,0,2.34375,1.171875,39,39,40,1197.284,1197.284,1.77350855,0.284380347,0.001637801,99.77367,31.9476318,2.516922,5.361351,35,10.6012192,39.33333333
11/19/2021 01:24:38,0,3.78787518,1.89393759,39,39,40,1197.28418,1197.28418,1.86902666,0.3738584,0.001400164,99.77368,32.0238953,2.52293015,5.355343,36,10.6012039,39.33333333
11/19/2021 01:29:39,0,2.34375,1.171875,38,38,39,1197.284,1197.284,1.76851189,0.276208639,0.00165762,99.77367,32.08036,2.527378,5.350895,35,10.6012421,38.33333333
11/19/2021 01:34:39,2.30768919,2.30768919,2.30768919,39,39,40,1197.28418,1197.28418,2.017899,0.48459512,0.001490691,99.77368,31.8624115,2.51020813,5.368065,35,10.6012726,39.33333333
11/19/2021 01:39:39,0,1.5625,0.78125,39,39,39,1197.28442,1197.28442,1.68574858,0.218735024,0.001490373,99.7737,31.924202,2.51507568,5.36319733,36,10.6013031,39
11/19/2021 01:44:39,2.34375,1.5625,1.953125,39,39,40,1197.284,1197.284,1.92496479,0.418245763,0.001315912,99.773674,31.9430847,2.51656342,5.36170959,36,10.6013412,39.33333333
11/19/2021 01:49:39,0,1.5625,0.78125,40,40,40,1197.28394,1197.28394,1.73832607,0.262137383,0.001453514,99.77367,31.9568329,2.51764679,5.360626,36,10.6013947,40
11/19/2021 01:54:38,0,1.5625,0.78125,39,39,40,1197.2843,1197.2843,1.68369937,0.213671535,0.001323185,99.77369,32.0147,2.52220535,5.35606766,36,10.6014252,39.33333333
11/19/2021 01:59:38,0,1.5625,0.78125,40,40,40,1197.284,1197.284,1.71438026,0.241878733,0.001443644,99.773674,31.96357,2.518177,5.360096,36,10.6014633,40
11/19/2021 02:04:38,0,1.5625,0.78125,39,39,40,1197.284,1197.284,1.76691926,0.2803467,0.001457981,99.773674,31.8966446,2.51290512,5.365368,36,10.6014786,39.33333333
11/19/2021 02:09:38,0,2.34375,1.171875,39,39,39,1197.28418,1197.28418,1.68169916,0.210517555,0.001452378,99.77368,31.841011,2.508522,5.369751,35,10.6014633,39
11/19/2021 02:14:38,0,1.5625,0.78125,40,40,40,1197.28418,1197.28418,1.732074,0.257292181,0.001311704,99.773674,31.9229889,2.51498032,5.36329269,35,10.6015549,40
11/19/2021 02:19:38,0,1.53846145,0.7692337,35,35,35,1197.284,1197.284,1.79993892,0.3195296,0.001428821,99.773674,31.9005737,2.513214,5.365059,35,10.6016159,35
11/19/2021 02:24:38,0,2.34375,1.171875,37,37,37,1197.2843,1197.2843,1.75188434,0.273169518,0.001448973,99.7737,32.08413,2.52767563,5.35059738,35,10.6016159,37
11/19/2021 02:29:38,0,1.51515007,0.757575035,37,37,39,1197.284,1197.284,1.6892525,0.230934635,0.00139144,99.77367,32.0165329,2.52235031,5.3559227,34,10.6016769,37.66666667
11/19/2021 02:34:38,0,1.5625,0.78125,39,39,39,1197.28381,1197.28381,1.70059633,0.233064815,0.001602292,99.77365,32.0600662,2.52577972,5.35249329,35,10.6016922,39
11/19/2021 02:39:38,0,1.5625,0.78125,38,38,38,1197.28369,1197.28369,1.84811091,0.353493,0.001449367,99.77364,31.8586884,2.5099144,5.36835861,35,10.6017,38
11/19/2021 02:44:38,0,1.5625,0.78125,40,40,40,1197.28418,1197.28418,1.77234089,0.2862957,0.001490807,99.77368,31.9024124,2.513359,5.364914,35,10.601799,40
11/19/2021 02:49:38,0,1.5625,0.78125,39,39,40,1197.284,1197.284,1.704184,0.235029787,0.001514939,99.773674,31.8983,2.51303482,5.365238,35,10.6018524,39.33333333
11/19/2021 02:54:38,0,2.34375,1.171875,39,39,39,1197.28394,1197.28394,1.77612484,0.287089944,0.001504521,99.77366,31.9270554,2.51530075,5.36297226,35,10.6018524,39
11/19/2021 02:59:38,0,1.5625,0.78125,39,39,40,1197.28418,1197.28418,1.69377482,0.224674687,0.001452442,99.77368,31.9833221,2.51973343,5.35853958,35,10.6018829,39.33333333
11/19/2021 03:04:38,0,2.34375,1.171875,39,39,40,1197.28442,1197.28442,1.80011892,0.303912,0.00132706,99.7737045,31.9074936,2.51375961,5.3645134,36,10.6018906,39.33333333
11/19/2021 03:09:38,0,1.5625,0.78125,39,39,41,1197.284,1197.284,1.71181226,0.243475646,0.001440776,99.77367,32.0869,2.527893,5.35038,36,10.6019516,39.66666667
11/19/2021 03:14:38,1.5625,2.34375,1.953125,37,39,40,1197.28333,1197.28333,1.84323525,0.349079281,0.001620709,99.7736053,32.0164871,2.5223465,5.35592651,35,10.6019745,38.66666667
11/19/2021 03:19:39,0,2.34375,1.171875,39,39,40,1197.284,1197.284,1.77362764,0.283222169,0.00144898,99.773674,32.0626831,2.52598572,5.35228729,35,10.6020889,39.33333333
11/19/2021 03:24:39,1.5625,1.5625,1.5625,40,40,40,1197.2843,1197.2843,1.8731643,0.3872839,0.00129708,99.77369,32.2260056,2.53885269,5.33942032,36,10.6021194,40
11/19/2021 03:29:40,0,2.34375,1.171875,36,36,37,1197.28381,1197.28381,1.770965,0.286762267,0.001328098,99.77364,32.19487,2.53639984,5.341873,35,10.6013412,36.33333333
11/19/2021 03:34:39,1.5625,2.30768919,1.93509459,38,38,38,1197.28418,1197.28418,1.911159,0.410732716,0.001277135,99.77368,32.11387,2.53001785,5.348255,35,10.6013412,38
11/19/2021 03:39:39,0,2.34375,1.171875,39,39,39,1197.2843,1197.2843,1.79051828,0.301439345,0.001451901,99.7737,32.01799,2.52246475,5.35580826,35,10.6013641,39
11/19/2021 03:44:40,2.23881,2.28438377,2.261597,38,38,39,1197.28394,1197.28394,1.99883306,0.4844575,0.001273057,99.77366,32.0414276,2.524311,5.353962,35,10.6013947,38.33333333
11/19/2021 03:49:39,0,2.34375,1.171875,39,39,39,1197.28394,1197.28394,1.70960331,0.232421666,0.001330133,99.77366,32.1537628,2.53316116,5.345112,35,10.6014786,39
11/19/2021 03:54:39,0,1.5625,0.78125,39,39,39,1197.28394,1197.28394,1.78367436,0.305020541,0.001444874,99.77366,32.17057,2.53448486,5.343788,36,10.6015549,39
11/19/2021 03:59:39,0,1.5625,0.78125,39,39,40,1197.28442,1197.28442,1.757353,0.274060756,0.001433516,99.7737,32.1262054,2.5309906,5.34728241,36,10.601593,39.33333333
11/19/2021 04:04:39,0,4.6875,2.34375,36,35,41,1197.28418,1197.28418,1.993974,0.46483022,0.00162159,99.773674,32.1772461,2.53501129,5.34326172,36,10.6015625,37.33333333
11/19/2021 04:09:39,0,2.34375,1.171875,40,40,40,1197.28442,1197.28442,1.74745965,0.257173181,0.001643765,99.7737,32.1736679,2.534729,5.343544,36,10.601738,40
11/19/2021 04:14:39,1.5625,2.34375,1.953125,40,40,41,1197.2843,1197.2843,2.008621,0.48388052,0.001491505,99.7737,32.0759048,2.52702713,5.351246,36,10.6017838,40.33333333
11/19/2021 04:19:39,0,2.34375,1.171875,40,40,40,1197.28381,1197.28381,1.77067637,0.274812669,0.001629896,99.77365,32.1329956,2.53152466,5.34674835,36,10.6017838,40
11/19/2021 04:24:40,0.78125,3.125,1.953125,36,36,36,1197.28394,1197.28394,1.82830477,0.3583332,0.001586355,99.77366,32.24813,2.540596,5.337677,36,10.6018066,36
11/19/2021 04:29:40,0,2.34375,1.171875,39,39,39,1197.28418,1197.28418,1.68057275,0.213208362,0.001606637,99.77368,32.1732254,2.53469467,5.34357834,35,10.6018219,39
11/19/2021 04:34:40,1.53846145,1.53846145,1.53846145,39,39,40,1197.284,1197.284,1.84412122,0.3545047,0.001591727,99.77367,32.159523,2.533615,5.344658,35,10.6018677,39.33333333
11/19/2021 04:39:40,0,2.34375,1.171875,40,40,40,1197.28418,1197.28418,1.71929479,0.2400136,0.001482981,99.77368,32.121376,2.53060913,5.347664,35,10.6018829,40
11/19/2021 04:44:40,1.5625,1.5625,1.5625,39,39,40,1197.284,1197.284,1.848204,0.366969675,0.001440167,99.773674,32.0418625,2.5243454,5.35392761,35,10.6019363,39.33333333
11/19/2021 04:49:40,0,1.5625,0.78125,40,40,40,1197.28455,1197.28455,1.70255256,0.23006846,0.001500613,99.77371,32.1516342,2.53299332,5.34527969,35,10.6019821,40
11/19/2021 04:54:40,0,1.5625,0.78125,40,40,41,1197.28418,1197.28418,1.71236169,0.239783436,0.001327637,99.77368,32.15648,2.53337479,5.344898,36,10.60199,40.33333333
11/19/2021 04:59:40,0,1.5625,0.78125,39,39,40,1197.284,1197.284,1.70593643,0.233283,0.001637557,99.773674,32.161705,2.53378677,5.344486,36,10.602066,39.33333333
11/19/2021 05:04:40,0.78125,1.5625,1.171875,40,40,41,1197.284,1197.284,1.93689322,0.447057784,0.001224438,99.773674,32.1469421,2.53262329,5.34564972,36,10.6020966,40.33333333
11/19/2021 05:09:40,0,1.5625,0.78125,40,40,40,1197.284,1197.284,1.742381,0.261901647,0.001326895,99.773674,32.1960831,2.53649521,5.341778,36,10.6020737,40
11/19/2021 05:14:40,0,1.5625,0.78125,40,40,41,1197.284,1197.284,1.78248954,0.291109174,0.001339176,99.773674,32.0786133,2.52724075,5.35103226,36,10.6021194,40.33333333
11/19/2021 05:19:40,0,1.53846145,0.7692337,40,40,41,1197.284,1197.284,1.783209,0.292927,0.001604831,99.773674,32.1087723,2.52961731,5.3486557,36,10.6021805,40.33333333
11/19/2021 05:24:41,0,1.5625,0.78125,40,40,40,1197.284,1197.284,1.71982551,0.245540842,0.001452362,99.773674,32.2506027,2.54079056,5.33748245,36,10.6022415,40
11/19/2021 05:29:41,0,1.5625,0.78125,40,40,40,1197.28442,1197.28442,1.68605542,0.215459734,0.001326234,99.7737045,32.168045,2.5342865,5.34398651,36,10.6023026,40
11/19/2021 05:34:41,0,1.5625,0.78125,39,39,40,1197.28418,1197.28418,1.70069683,0.228308856,0.001504254,99.773674,32.19487,2.53639984,5.341873,36,10.6023178,39.33333333
11/19/2021 05:39:41,0,2.34375,1.171875,40,40,40,1197.28418,1197.28418,1.68448067,0.210375711,0.001429265,99.77368,32.1926956,2.53622818,5.342045,36,10.6015244,40
11/19/2021 05:44:41,0,2.34375,1.171875,40,40,41,1197.2843,1197.2843,1.69805312,0.2236487,0.001448304,99.77369,32.1530838,2.53310776,5.34516525,36,10.60157,40.33333333
11/19/2021 05:49:41,0,2.34375,1.171875,40,40,41,1197.284,1197.284,1.77319288,0.2787565,0.001344112,99.773674,32.2309952,2.53924561,5.3390274,36,10.6016159,40.33333333
11/19/2021 05:54:41,0,1.5625,0.78125,40,40,41,1197.284,1197.284,1.69836128,0.228363425,0.001451721,99.77367,32.2047958,2.53718185,5.341091,36,10.6016388,40.33333333
11/19/2021 05:59:41,0,0.7692337,0.384616852,39,39,39,1197.28381,1197.28381,1.71143007,0.242230222,0.001393576,99.77365,32.20044,2.53683853,5.34143448,36,10.6017685,39
11/19/2021 06:04:41,0,1.5625,0.78125,39,39,40,1197.284,1197.284,1.6981312,0.2288568,0.001580944,99.773674,32.1373444,2.531868,5.346405,36,10.6017685,39.33333333
11/19/2021 06:09:40,0,1.5625,0.78125,39,39,39,1197.28394,1197.28394,1.8130666,0.3192868,0.001501733,99.77366,32.20993,2.53758621,5.340687,36,10.60186,39
11/19/2021 06:14:41,0,2.34375,1.171875,40,40,41,1197.2843,1197.2843,1.80046248,0.301363081,0.001628414,99.7737,32.21734,2.53816986,5.340103,36,10.6018753,40.33333333
11/19/2021 06:19:40,0,0.78125,0.390625,40,40,40,1197.28418,1197.28418,1.78747416,0.2946227,0.001449089,99.77368,32.10292,2.52915573,5.34911728,36,10.6019058,40
11/19/2021 06:24:41,0,2.272725,1.13636255,38,38,39,1197.284,1197.284,1.75494707,0.26977405,0.001400727,99.773674,32.22886,2.53907776,5.33919525,36,10.6019135,38.33333333
11/19/2021 06:29:41,0,1.5625,0.78125,38,38,39,1197.28394,1197.28394,1.78613234,0.299982667,0.00163193,99.77367,32.2355423,2.53960419,5.338669,35,10.601944,38.33333333
11/19/2021 06:34:41,0,1.5625,0.78125,39,39,39,1197.284,1197.284,1.77532828,0.2896233,0.001454547,99.77367,32.22261,2.53858566,5.33968735,36,10.6019669,39
11/19/2021 06:39:41,0,2.34375,1.171875,39,39,39,1197.28394,1197.28394,1.70247042,0.227515668,0.00130156,99.77367,32.2321,2.53933334,5.33893967,36,10.60202,39
11/19/2021 06:44:41,0,1.5625,0.78125,40,40,40,1197.28418,1197.28418,1.7814883,0.290419757,0.001601496,99.77368,32.22358,2.538662,5.339611,36,10.6020355,40
11/19/2021 06:49:41,0,1.5625,0.78125,40,40,40,1197.284,1197.284,1.7162472,0.243089527,0.001494059,99.773674,32.1748276,2.53482056,5.34345245,36,10.602066,40
11/19/2021 06:54:41,0,1.5625,0.78125,40,40,40,1197.28357,1197.28357,1.69630945,0.225807667,0.001307532,99.77363,32.19909,2.53673172,5.34154129,36,10.6020966,40
11/19/2021 06:59:42,0,1.51515007,0.757575035,40,40,40,1197.28418,1197.28418,1.69459486,0.224351734,0.001402292,99.77368,32.2288132,2.539074,5.339199,36,10.6021576,40
11/19/2021 07:04:41,0,2.34375,1.171875,40,40,40,1197.28418,1197.28418,1.804144,0.302690685,0.001511469,99.77368,32.2134628,2.53786469,5.34040833,36,10.6021423,40
11/19/2021 07:09:41,0,2.34375,1.171875,39,39,40,1197.28381,1197.28381,1.67997348,0.204580575,0.001494625,99.77366,32.3377075,2.5476532,5.33062,36,10.6022339,39.33333333
11/19/2021 07:14:41,0,3.13739777,1.56869888,40,40,40,1197.2843,1197.2843,1.81119967,0.3115397,0.001478008,99.77369,32.28784,2.543724,5.334549,36,10.6023026,40
11/19/2021 07:19:41,0,1.5625,0.78125,35,35,36,1197.284,1197.284,1.76738,0.290519834,0.001484743,99.773674,32.28203,2.5432663,5.33500671,35,10.6023407,35.33333333
11/19/2021 07:24:41,0,1.5625,0.78125,39,39,39,1197.2843,1197.2843,1.7961638,0.313899428,0.001612576,99.77369,32.24034,2.53998184,5.338291,35,10.6023636,39
11/19/2021 07:29:41,0,1.5625,0.78125,38,38,39,1197.28394,1197.28394,1.728884,0.256136119,0.00132801,99.77367,32.26818,2.54217529,5.33609772,35,10.6023865,38.33333333
11/19/2021 07:34:41,0,2.34375,1.171875,38,38,39,1197.28394,1197.28394,1.71324587,0.237701565,0.001470194,99.77367,32.2063,2.5373,5.340973,36,10.6024475,38.33333333
11/19/2021 07:39:41,0,2.34375,1.171875,40,40,41,1197.284,1197.284,1.70981145,0.2325127,0.001489979,99.773674,32.1932755,2.536274,5.341999,35,10.60247,40.33333333
11/19/2021 07:44:41,0,1.5625,0.78125,40,40,40,1197.28418,1197.28418,1.72992539,0.253856957,0.00143759,99.77368,32.309433,2.54542542,5.3328476,36,10.6025162,40
11/19/2021 07:49:41,0,2.34375,1.171875,40,40,41,1197.28455,1197.28455,1.66199565,0.191320032,0.001479006,99.77371,32.4229279,2.554367,5.323906,36,10.6025238,40.33333333
11/19/2021 07:54:41,0,1.5625,0.78125,40,40,41,1197.28418,1197.28418,1.68876612,0.217435554,0.001481931,99.77368,32.20649,2.53731537,5.34095764,36,10.6025391,40.33333333
11/19/2021 07:59:41,0,2.34375,1.171875,40,40,41,1197.284,1197.284,1.802305,0.30356428,0.001464186,99.773674,32.13057,2.531334,5.346939,36,10.6026764,40.33333333
11/19/2021 08:04:41,0,2.34375,1.171875,40,40,40,1197.28369,1197.28369,1.70168173,0.2229808,0.001453147,99.77364,32.14258,2.53228,5.345993,36,10.60186,40
11/19/2021 08:09:41,0,1.5625,0.78125,40,40,41,1197.28418,1197.28418,1.69782448,0.2246959,0.001494617,99.773674,32.18441,2.53557587,5.342697,36,10.6019287,40.33333333
11/19/2021 08:14:41,0,1.53846145,0.7692337,40,40,41,1197.284,1197.284,1.72270429,0.2459682,0.00159972,99.773674,32.2351074,2.53956985,5.338703,36,10.6019669,40.33333333
11/19/2021 08:19:41,0,2.30768919,1.15384459,37,37,38,1197.2843,1197.2843,1.735873,0.254635125,0.001560355,99.7737,32.2551041,2.54114532,5.33712769,36,10.6019363,37.33333333
11/19/2021 08:24:42,0,2.34375,1.171875,39,39,40,1197.284,1197.284,1.76495576,0.273892164,0.001448197,99.77367,32.4118423,2.5534935,5.32477951,35,10.602005,39.33333333
11/19/2021 08:29:42,0,2.34375,1.171875,39,39,39,1197.28418,1197.28418,1.76939,0.2788522,0.001607392,99.77368,32.1986465,2.53669739,5.34157562,35,10.6020355,39
11/19/2021 08:34:42,0,2.34375,1.171875,40,40,41,1197.284,1197.284,1.81280255,0.315139562,0.001325204,99.773674,32.19642,2.536522,5.341751,36,10.6020584,40.33333333
11/19/2021 08:39:42,0,1.5625,0.78125,40,40,40,1197.28418,1197.28418,1.77809668,0.289138466,0.001652307,99.773674,32.17579,2.53489685,5.343376,36,10.6020966,40
11/19/2021 08:44:42,0,1.5625,0.78125,40,40,41,1197.2843,1197.2843,1.80570209,0.310947,0.001331187,99.77369,32.27365,2.54260635,5.33566666,36,10.6021347,40.33333333
11/19/2021 08:49:42,0,1.5625,0.78125,40,40,41,1197.284,1197.284,1.70668674,0.234726727,0.001461178,99.773674,32.2942276,2.5442276,5.33404541,36,10.6021576,40.33333333
11/19/2021 08:54:42,0,2.34375,1.171875,40,40,41,1197.284,1197.284,1.68543828,0.210691124,0.001495978,99.773674,33.03298,2.60242844,5.27584457,36,10.6034012,40.33333333
11/19/2021 08:59:42,0,2.34375,1.171875,39,39,39,1197.2843,1197.2843,1.68048072,0.212176368,0.001418475,99.77369,32.60296,2.56855,5.309723,37,10.6026535,39
11/19/2021 09:04:42,0,2.34375,1.171875,39,39,39,1197.284,1197.284,1.822413,0.3219405,0.001509883,99.773674,32.53711,2.56336212,5.314911,36,10.580574,39
11/19/2021 09:09:42,0,2.34375,1.171875,39,39,39,1197.28381,1197.28381,1.77537918,0.283507943,0.001460193,99.77365,32.47251,2.55827332,5.31999969,36,10.5811462,39
11/19/2021 09:14:43,0,2.34375,1.171875,39,39,40,1197.284,1197.284,1.77134693,0.2792522,0.001646786,99.773674,32.35093,2.54869461,5.3295784,37,10.5807266,39.33333333
11/19/2021 09:19:43,0,1.5625,0.78125,39,39,41,1197.28394,1197.28394,1.81796646,0.322828829,0.001626686,99.77367,32.37626,2.5506897,5.32758331,36,10.5807114,39.66666667
11/19/2021 09:24:43,0,1.53846145,0.7692337,40,40,41,1197.28418,1197.28418,1.689649,0.21904783,0.001416517,99.77368,32.4972076,2.56021881,5.318054,36,10.5614243,40.33333333
11/19/2021 09:29:43,0.78125,1.5625,1.171875,40,40,40,1197.28381,1197.28381,1.79801953,0.305669636,0.001344724,99.77365,32.34304,2.54807281,5.3302,36,10.5614319,40
11/19/2021 09:34:43,0,1.5625,0.78125,39,39,40,1197.284,1197.284,1.75080752,0.2779432,0.001641185,99.77367,32.29946,2.54463959,5.33363342,36,10.5615082,39.33333333
11/19/2021 09:39:43,0,1.5625,0.78125,39,39,40,1197.284,1197.284,1.713302,0.241741389,0.00145655,99.77367,32.2925339,2.544094,5.334179,36,10.5615082,39.33333333
11/19/2021 09:44:44,0,2.34375,1.171875,39,39,40,1197.2843,1197.2843,1.68598855,0.2092135,0.001437578,99.77369,32.3503036,2.548645,5.329628,37,10.5615463,39.33333333
11/19/2021 09:49:44,0,2.34375,1.171875,40,40,40,1197.28418,1197.28418,1.7793622,0.285431921,0.001652663,99.77368,32.31984,2.54624557,5.33202744,37,10.5607834,40
11/19/2021 09:54:44,0,1.5625,0.78125,40,40,40,1197.28381,1197.28381,1.72265518,0.246948287,0.001576038,99.77365,32.4075775,2.55315781,5.325115,37,10.56089,40
11/19/2021 09:59:44,0,2.34375,1.171875,40,40,41,1197.284,1197.284,1.764907,0.2683108,0.001506595,99.773674,32.4345,2.55527878,5.322994,37,10.5609589,40.33333333
11/19/2021 10:04:44,0,1.53846145,0.7692337,40,40,41,1197.28394,1197.28394,1.80305028,0.310383976,0.001431243,99.77366,32.27186,2.54246521,5.335808,37,10.560936,40.33333333
11/19/2021 10:09:44,0,2.30768919,1.15384459,40,40,40,1197.28418,1197.28418,1.81275845,0.310924441,0.001420989,99.773674,32.3170853,2.54602814,5.332245,37,10.5610352,40
11/19/2021 10:14:44,0,1.5625,0.78125,40,40,40,1197.2843,1197.2843,1.68480062,0.214083791,0.001306872,99.77369,32.3366928,2.547573,5.3307,37,10.5610733,40
11/19/2021 10:19:44,0,1.5625,0.78125,40,40,41,1197.28394,1197.28394,1.72250426,0.246994808,0.001432031,99.77367,32.3340836,2.547367,5.330906,37,10.5610962,40.33333333
11/19/2021 10:24:44,0,1.5625,0.78125,36,36,37,1197.284,1197.284,1.77376628,0.291188955,0.001326289,99.77367,32.444046,2.55603027,5.32224274,36,10.56115,36.33333333
11/19/2021 10:29:44,0,1.5625,0.78125,39,39,40,1197.28394,1197.28394,1.72357011,0.251965553,0.001434223,99.77367,32.47905,2.5587883,5.31948471,35,10.56115,39.33333333
11/19/2021 10:34:44,0,2.34375,1.171875,39,39,39,1197.28418,1197.28418,1.69501019,0.222180411,0.001433619,99.77368,32.262558,2.54173279,5.33654,35,10.561203,39
11/19/2021 10:39:44,0,0.78125,0.390625,39,39,40,1197.28381,1197.28381,1.72034872,0.252870083,0.001325218,99.77365,32.32464,2.54662323,5.33165,35,10.561264,39.33333333
11/19/2021 10:44:44,0,1.5625,0.78125,40,40,40,1197.28394,1197.28394,1.72369194,0.253341466,0.001424714,99.77366,32.30803,2.54531479,5.332958,35,10.56134,40
11/19/2021 10:49:44,0,1.53846145,0.7692337,39,39,39,1197.284,1197.284,1.81792641,0.328113854,0.00148963,99.77367,32.378334,2.55085373,5.32741928,35,10.5613556,39
11/19/2021 10:54:44,0,1.51515007,0.757575035,39,39,39,1197.284,1197.284,1.81106234,0.321396172,0.001414674,99.773674,32.405838,2.55302048,5.32525253,35,10.5613937,39
11/19/2021 10:59:44,0,2.34375,1.171875,40,40,40,1197.28418,1197.28418,1.71062,0.232337177,0.001488367,99.77368,32.4215775,2.55426025,5.32401276,35,10.5614471,40
11/19/2021 11:04:45,0,2.34375,1.171875,39,39,40,1197.284,1197.284,1.70142341,0.225979,0.001448877,99.773674,32.35771,2.54922867,5.32904434,35,10.5614243,39.33333333
11/19/2021 11:09:45,0,1.5625,0.78125,40,40,40,1197.284,1197.284,1.79516518,0.30382213,0.001529049,99.77367,32.32337,2.546524,5.331749,35,10.5614777,40
11/19/2021 11:14:45,0,1.5625,0.78125,39,39,40,1197.28442,1197.28442,1.67947483,0.214534476,0.001417164,99.7737,32.3133545,2.54573441,5.3325386,35,10.5615387,39.33333333
11/19/2021 11:19:45,0,1.53846145,0.7692337,39,39,39,1197.284,1197.284,1.70525324,0.253903627,0.001554115,99.773674,32.29181,2.54403687,5.334236,35,10.5615692,39
11/19/2021 11:24:46,0,1.5625,0.78125,38,38,39,1197.28381,1197.28381,1.77293444,0.287545323,0.001646722,99.77365,32.446373,2.55621338,5.32205963,35,10.5616074,38.33333333
11/19/2021 11:29:46,0,1.53846145,0.7692337,39,39,39,1197.28394,1197.28394,1.7894299,0.300879866,0.001607457,99.77367,32.45043,2.55653381,5.321739,35,10.5616455,39
11/19/2021 11:34:45,0,1.5625,0.78125,38,38,39,1197.28394,1197.28394,1.79236782,0.308074832,0.001640342,99.77367,32.4220123,2.55429459,5.32397842,35,10.5616608,38.33333333
11/19/2021 11:39:45,0,1.53846145,0.7692337,38,38,38,1197.284,1197.284,1.69968748,0.235574678,0.001456575,99.773674,32.3066254,2.54520416,5.333069,35,10.5617065,38
11/19/2021 11:44:45,0,1.5625,0.78125,37,37,38,1197.2843,1197.2843,1.67019272,0.214533284,0.001292919,99.77369,32.3011551,2.544773,5.3335,35,10.5617294,37.33333333
11/19/2021 11:49:45,0,2.34375,1.171875,38,38,39,1197.2843,1197.2843,1.75941372,0.27222684,0.00161216,99.77369,32.3688431,2.550106,5.328167,35,10.5609741,38.33333333
11/19/2021 11:54:46,0,2.34375,1.171875,38,38,38,1197.284,1197.284,1.78070855,0.2948281,0.001496124,99.77367,32.3858871,2.55144882,5.326824,35,10.5610275,38
11/19/2021 11:59:46,0,2.30768919,1.15384459,38,38,38,1197.28369,1197.28369,1.67641389,0.2101297,0.001406551,99.77364,32.349,2.548542,5.329731,35,10.56102,38
11/19/2021 12:04:46,0,2.34375,1.171875,38,38,39,1197.28394,1197.28394,1.79663324,0.303569734,0.001616761,99.77367,32.4194946,2.55409622,5.324177,35,10.5611191,38.33333333
11/19/2021 12:09:46,0,2.34375,1.171875,39,39,40,1197.284,1197.284,1.82736325,0.3282981,0.001637782,99.77367,32.3424072,2.54802322,5.33025,35,10.5611191,39.33333333
11/19/2021 12:14:46,0,1.53846145,0.7692337,38,38,39,1197.2843,1197.2843,1.865785,0.3650092,0.001597612,99.77369,32.2887573,2.54379654,5.33447647,35,10.5609283,38.33333333
11/19/2021 12:19:46,0,1.5625,0.78125,38,38,38,1197.28394,1197.28394,1.67423,0.213793129,0.001479379,99.77367,32.3257,2.54670715,5.331566,35,10.5609741,38
11/19/2021 12:24:46,0,1.5625,0.78125,38,38,38,1197.28394,1197.28394,1.69078457,0.227084011,0.001307527,99.77366,32.44729,2.55628586,5.321987,35,10.56102,38
11/19/2021 12:29:46,0,1.53846145,0.7692337,37,37,38,1197.28345,1197.28345,1.8073225,0.322747,0.001560701,99.77363,32.368988,2.55011749,5.32815552,35,10.5610275,37.33333333
11/19/2021 12:34:47,0,2.272725,1.13636255,38,38,39,1197.2843,1197.2843,1.71113646,0.239848658,0.001287838,99.77369,32.3705368,2.55023956,5.32803345,35,10.5611267,38.33333333
11/19/2021 12:39:47,0,2.34375,1.171875,38,38,39,1197.2843,1197.2843,1.79299176,0.3003494,0.001448827,99.7737,32.42482,2.55451584,5.323757,35,10.5611191,38.33333333
11/19/2021 12:44:47,0,1.53846145,0.7692337,37,37,38,1197.28455,1197.28455,1.68268538,0.223276183,0.001415046,99.77372,32.29457,2.5442543,5.33401871,35,10.5611725,37.33333333
11/19/2021 12:49:47,0,2.34375,1.171875,38,38,38,1197.2843,1197.2843,1.76045537,0.277741671,0.001612389,99.7737,32.37214,2.55036545,5.32790756,35,10.5611725,38
11/19/2021 12:54:47,0,2.34375,1.171875,38,38,38,1197.28418,1197.28418,1.67380762,0.205689952,0.001294126,99.773674,32.3411942,2.54792786,5.330345,35,10.5612183,38
11/19/2021 12:59:48,0,1.5625,0.78125,38,38,38,1197.2843,1197.2843,1.78360319,0.3010162,0.001460062,99.77369,32.3444977,2.54818726,5.33008575,34,10.5612183,38
11/19/2021 13:04:48,0,1.5625,0.78125,38,38,38,1197.28418,1197.28418,1.82626879,0.335034758,0.001612573,99.77368,32.35916,2.549343,5.32893,35,10.5612717,38
11/19/2021 13:09:48,0,2.30768919,1.15384459,36,37,39,1197.28381,1197.28381,1.73273182,0.25597173,0.001457972,99.77364,32.3897629,2.551754,5.326519,35,10.561348,37.33333333
11/19/2021 13:14:48,0,2.34375,1.171875,38,38,39,1197.28357,1197.28357,1.77519464,0.2836858,0.001449089,99.77363,32.2921,2.54405975,5.33421326,35,10.5613708,38.33333333
11/19/2021 13:19:48,0,1.5625,0.78125,38,38,39,1197.284,1197.284,1.72879267,0.2585322,0.001631895,99.773674,32.09304,2.52837753,5.34989548,35,10.561409,38.33333333
11/19/2021 13:24:48,0,2.34375,1.171875,38,38,39,1197.28418,1197.28418,1.76401019,0.2750975,0.001601621,99.77369,32.1300354,2.531292,5.346981,35,10.5614548,38.33333333
11/19/2021 13:29:48,0,2.34375,1.171875,37,37,38,1197.28418,1197.28418,1.75814486,0.274688184,0.001312253,99.77368,32.1986,2.53669357,5.34157944,35,10.5614853,37.33333333
11/19/2021 13:34:48,0,0.78125,0.390625,37,37,38,1197.28418,1197.28418,1.74401224,0.281447321,0.001601933,99.77368,32.2565079,2.541256,5.337017,35,10.5615311,37.33333333
11/19/2021 13:39:47,0,1.5625,0.78125,37,37,38,1197.284,1197.284,1.77045417,0.293070376,0.001438946,99.773674,32.2725372,2.54251862,5.33575439,35,10.5615921,37.33333333
11/19/2021 13:44:48,0,1.5625,0.78125,38,38,40,1197.28394,1197.28394,1.69188559,0.223682985,0.001448428,99.77367,32.3405228,2.54787445,5.33039856,35,10.561615,38.66666667
11/19/2021 13:49:48,0,2.34375,1.171875,38,38,39,1197.28394,1197.28394,1.77765179,0.2850681,0.001621792,99.77367,32.2441635,2.5402832,5.33799,35,10.5616608,38.33333333
11/19/2021 13:54:48,0,1.5625,0.78125,39,39,40,1197.28394,1197.28394,1.784061,0.29857558,0.00161236,99.77366,32.2731628,2.54256821,5.335705,35,10.561676,39.33333333
11/19/2021 13:59:48,0,1.5625,0.78125,38,38,39,1197.284,1197.284,1.76851046,0.284299523,0.001631889,99.773674,32.2564163,2.54124832,5.33702469,35,10.5608521,38.33333333
11/19/2021 14:04:48,0,2.34375,1.171875,39,39,40,1197.28394,1197.28394,1.80343843,0.3075669,0.001478541,99.77366,32.2600937,2.54153824,5.336735,36,10.5609741,39.33333333
11/19/2021 14:09:49,0,2.34375,1.171875,39,39,40,1197.284,1197.284,1.79337764,0.296008,0.001450496,99.77367,32.4654,2.55771255,5.32056046,36,10.5610657,39.33333333
11/19/2021 14:14:49,0,2.34375,1.171875,39,39,40,1197.28418,1197.28418,1.66815162,0.197534651,0.001325429,99.77368,32.4622955,2.55746841,5.3208046,36,10.5610886,39.33333333
11/19/2021 14:19:49,0,2.272725,1.13636255,39,39,40,1197.28418,1197.28418,1.76782167,0.2753903,0.001592109,99.77368,32.2378235,2.53978348,5.33848953,36,10.5611267,39.33333333
11/19/2021 14:24:49,0,1.53846145,0.7692337,40,40,40,1197.28418,1197.28418,1.69454181,0.227188215,0.001591669,99.77368,32.2455139,2.54039,5.337883,36,10.5611343,40
11/19/2021 14:29:49,0,1.5625,0.78125,40,40,40,1197.284,1197.284,1.69649851,0.224774837,0.001315815,99.77367,32.2787781,2.54301071,5.3352623,36,10.56118,40
11/19/2021 14:34:49,0,1.5625,0.78125,39,39,40,1197.28394,1197.28394,1.74904418,0.2715,0.001604628,99.77366,32.34207,2.54799652,5.33027649,36,10.561203,39.33333333
11/19/2021 14:39:49,0,2.30768919,1.15384459,39,39,41,1197.28394,1197.28394,1.816831,0.315278322,0.001431098,99.77366,32.36071,2.54946518,5.328808,36,10.5612335,39.66666667
11/19/2021 14:44:49,0,2.34375,1.171875,39,39,40,1197.284,1197.284,1.7567687,0.266003758,0.001632018,99.773674,32.4254532,2.55456543,5.32370758,36,10.5612335,39.33333333
11/19/2021 14:49:49,0,1.5625,0.78125,39,39,41,1197.284,1197.284,1.77209,0.281736553,0.00144887,99.773674,32.469223,2.558014,5.320259,36,10.5612869,39.66666667
11/19/2021 14:54:49,0,1.53846145,0.7692337,40,40,40,1197.284,1197.284,1.70611954,0.235403568,0.001432971,99.773674,32.34323,2.548088,5.330185,36,10.5612793,40
11/19/2021 14:59:49,0,1.53846145,0.7692337,40,40,41,1197.28394,1197.28394,1.78150392,0.287981063,0.00161661,99.77367,32.2876434,2.5437088,5.334564,36,10.5612793,40.33333333
11/19/2021 15:04:49,0,2.30768919,1.15384459,40,40,41,1197.28381,1197.28381,1.78687072,0.290883124,0.001608169,99.77366,32.2597046,2.54150772,5.33676529,37,10.5612946,40.33333333
11/19/2021 15:09:49,0,2.34375,1.171875,36,36,37,1197.284,1197.284,1.75752354,0.278775722,0.001597002,99.773674,32.6147766,2.569481,5.308792,37,10.5614014,36.33333333
11/19/2021 15:14:49,0,2.34375,1.171875,36,36,37,1197.284,1197.284,1.752882,0.27327615,0.001605814,99.773674,32.329628,2.54701614,5.331257,36,10.5613937,36.33333333
11/19/2021 15:19:49,0,1.53846145,0.7692337,36,36,37,1197.28394,1197.28394,1.75509775,0.277518421,0.001577407,99.77367,32.2681274,2.54217148,5.33610153,35,10.5614548,36.33333333
11/19/2021 15:24:49,0,2.30768919,1.15384459,38,38,38,1197.284,1197.284,1.680958,0.217563227,0.001567046,99.773674,32.3666229,2.54993057,5.32834244,35,10.5615387,38
11/19/2021 15:29:49,0,0.78125,0.390625,39,39,39,1197.284,1197.284,1.695357,0.235257015,0.001424606,99.773674,32.378334,2.55085373,5.32741928,35,10.5615082,39
11/19/2021 15:34:50,0,1.53846145,0.7692337,40,40,40,1197.284,1197.284,1.716881,0.2463451,0.001425869,99.773674,32.4448242,2.55609131,5.3221817,36,10.5615616,40
11/19/2021 15:39:50,0,1.5625,0.78125,39,39,41,1197.28418,1197.28418,1.78840852,0.301490873,0.001449475,99.77368,32.45954,2.557251,5.321022,36,10.5615768,39.66666667
11/19/2021 15:44:50,0,1.53846145,0.7692337,38,38,39,1197.28357,1197.28357,1.77172077,0.285398,0.001577442,99.7736359,32.3093338,2.54541779,5.332855,36,10.5616379,38.33333333
11/19/2021 15:49:50,0,2.34375,1.171875,39,39,40,1197.28381,1197.28381,1.79107475,0.2935798,0.001633204,99.77365,32.45823,2.557148,5.321125,37,10.5618134,39.33333333
11/19/2021 15:54:50,0,2.34375,1.171875,40,40,41,1197.284,1197.284,1.67680669,0.203193888,0.001314633,99.773674,32.41722,2.553917,5.324356,37,10.5618515,40.33333333
11/19/2021 15:59:50,0,1.5625,0.78125,40,40,40,1197.28418,1197.28418,1.79036784,0.300832957,0.001417743,99.77368,32.4000244,2.55256271,5.3257103,37,10.561882,40
11/19/2021 16:04:50,0,1.5625,0.78125,40,40,41,1197.284,1197.284,1.82169926,0.322930545,0.001429165,99.773674,32.47605,2.55855179,5.319721,37,10.5619049,40.33333333
11/19/2021 16:09:50,0,1.53846145,0.7692337,40,40,41,1197.28394,1197.28394,1.69662273,0.2249995,0.001472254,99.77366,32.59807,2.56816483,5.310108,38,10.5619431,40.33333333
11/19/2021 16:14:50,0,1.5625,0.78125,40,40,40,1197.28418,1197.28418,1.68265653,0.213536248,0.001322724,99.77368,32.43106,2.555008,5.323265,37,10.5619507,40
11/19/2021 16:19:50,0,1.5625,0.78125,40,40,41,1197.284,1197.284,1.78018987,0.2893721,0.001652418,99.77367,32.4208527,2.554203,5.32407,37,10.56115,40.33333333
11/19/2021 16:24:50,0,1.5625,0.78125,40,40,40,1197.28442,1197.28442,1.73288369,0.259826541,0.001418484,99.7737045,32.501564,2.56056213,5.317711,37,10.5612259,40
11/19/2021 16:29:50,0,1.53846145,0.7692337,39,39,40,1197.28394,1197.28394,1.74540389,0.268622249,0.0012966,99.77367,32.3253632,2.54668045,5.33159256,37,10.5612411,39.33333333
11/19/2021 16:34:50,0.7692337,1.5625,1.16586685,36,36,36,1197.284,1197.284,1.678014,0.2165598,0.001587525,99.773674,32.4500427,2.5565033,5.32176971,37,10.5612869,36
11/19/2021 16:39:50,0,1.5625,0.78125,38,38,39,1197.2843,1197.2843,1.7732991,0.289074838,0.001437194,99.7737,32.4670868,2.557846,5.320427,36,10.5613251,38.33333333
11/19/2021 16:44:50,0,2.34375,1.171875,40,40,40,1197.2843,1197.2843,1.67570472,0.203340828,0.001428589,99.77369,32.4235153,2.55441284,5.32386,37,10.5614319,40
11/19/2021 16:49:51,0,1.5625,0.78125,40,40,41,1197.28394,1197.28394,1.71476936,0.237965748,0.001495296,99.77367,32.57817,2.566597,5.311676,37,10.561554,40.33333333
11/19/2021 16:54:50,0,0.78125,0.390625,40,40,41,1197.284,1197.284,1.729552,0.257754922,0.001611729,99.77367,32.5251,2.562416,5.315857,37,10.5615616,40.33333333
11/19/2021 17:01:22,40.625,36.71875,38.671875,54,55,56,2993.212,2993.212,0.08827354,0.06831508,0.000580122,99.773735,36.7537079,2.8955574,4.98271561,37,10.562706,55
11/19/2021 17:06:22,3.125,3.125,3.125,39,39,39,1197.284,1197.284,2.22183585,0.438793182,0.001309013,99.773674,34.2219925,2.69610214,5.182171,39,10.5635834,39
11/19/2021 17:11:22,1.51515007,2.272725,1.89393759,36,36,37,1197.284,1197.284,2.1433363,0.362604648,0.001573409,99.773674,32.9756,2.597908,5.280365,38,10.5631332,36.33333333
11/19/2021 17:16:22,1.5625,3.13739777,2.349949,35,35,36,1197.284,1197.284,2.15457749,0.376358926,0.001467738,99.773674,33.1979065,2.6154213,5.26285172,37,10.5648651,35.33333333
11/19/2021 17:21:23,0.757575035,1.5625,1.16003752,40,40,40,1197.28394,1197.28394,2.09519315,0.299247831,0.001313898,99.77367,33.0493927,2.60372162,5.27455139,36,10.5648727,40
11/19/2021 17:26:22,13.49206,31.25,22.3710289,44,43,46,1197.28394,1197.28394,8.911299,7.067914,0.001312289,99.77366,33.9575729,2.67527,5.203003,36,10.5649567,44.33333333
11/19/2021 17:31:22,1.53846145,2.29603648,1.917249,36,36,37,1197.284,1197.284,2.14621639,0.3655049,0.001283363,99.773674,32.76362,2.58120728,5.29706573,37,10.566124,36.33333333
11/19/2021 17:36:23,1.5625,2.34375,1.953125,36,36,36,1197.28467,1197.28467,2.14720345,0.36861515,0.001300337,99.77373,32.9584656,2.59655762,5.28171539,36,10.5656815,36
11/19/2021 17:41:23,1.63934231,0.78125,1.21029615,40,40,41,1197.28418,1197.28418,2.13652849,0.339841038,0.001438513,99.77368,31.7145386,2.498558,5.379715,36,10.5656509,40.33333333
11/19/2021 17:46:23,1.5625,1.5625,1.5625,42,42,43,1197.284,1197.284,2.0973103,0.2976108,0.001441809,99.773674,32.33432,2.54738617,5.330887,37,10.5657806,42.33333333
11/19/2021 17:51:23,4.6875,7.09325075,5.890375,38,38,39,1197.284,1197.284,2.823125,1.01657641,0.001632552,99.773674,32.2927246,2.54410934,5.33416367,36,10.5658035,38.33333333
11/19/2021 17:56:23,0.78125,2.30768919,1.54447556,37,37,37,1197.28381,1197.28381,2.11373019,0.332733423,0.001414528,99.77365,31.7587433,2.50204086,5.376232,36,10.5658722,37
11/19/2021 18:01:24,1.51515007,2.272725,1.89393759,36,36,37,1197.284,1197.284,2.09340429,0.313832372,0.001198455,99.773674,31.7434464,2.50083542,5.37743759,35,10.5658875,36.33333333
11/19/2021 18:06:24,0.793647766,2.34375,1.56869888,36,36,37,1197.284,1197.284,2.08025932,0.2998046,0.001307995,99.773674,32.1553574,2.533287,5.344986,35,10.565834,36.33333333
11/19/2021 18:11:24,0.7692337,2.30768919,1.53846145,39,39,40,1197.28418,1197.28418,2.05624962,0.27047503,0.001417521,99.77368,32.17623,2.53493118,5.343342,35,10.5658875,39.33333333
11/19/2021 18:16:24,0.793647766,1.5625,1.17807388,42,42,42,1197.28418,1197.28418,2.1836946,0.386164,0.001642733,99.77368,32.451355,2.55660629,5.32166672,35,10.5563126,42
11/19/2021 18:21:24,0.7692337,2.30768919,1.53846145,44,44,44,1197.28418,1197.28418,2.15754318,0.349776179,0.001590301,99.77368,32.30387,2.54498672,5.33328629,36,10.5563431,44
11/19/2021 18:26:23,3.90625,2.34375,3.125,45,45,45,1197.284,1197.284,2.11700773,0.3051285,0.001452047,99.773674,31.9744644,2.51903534,5.35923767,36,10.5564194,45
11/19/2021 18:31:23,4.66422462,4.68864441,4.67643738,39,39,40,1197.284,1197.284,2.20957255,0.420776933,0.001295857,99.773674,32.17153,2.53456116,5.343712,36,10.5564346,39.33333333
11/19/2021 18:36:23,1.538825,2.34375,1.94128752,37,37,38,1197.284,1197.284,2.128185,0.347723573,0.001597086,99.77367,32.15599,2.53333664,5.34493637,36,10.55645,37.33333333
11/19/2021 18:41:23,0.78125,2.34375,1.5625,36,36,38,1197.284,1197.284,2.10428429,0.3250905,0.001586987,99.77367,32.1509,2.532936,5.345337,35,10.5564575,36.66666667
11/19/2021 18:46:23,1.5625,1.5625,1.5625,40,40,40,1197.28491,1197.28491,2.10194826,0.310804635,0.001452358,99.77374,32.28382,2.54340744,5.33486557,35,10.5565338,40
11/19/2021 18:51:23,0.7692337,1.53846145,1.15385056,41,41,42,1197.284,1197.284,2.16885877,0.3691955,0.001422055,99.773674,32.241066,2.540039,5.338234,36,10.5565414,41.33333333
11/19/2021 18:56:24,0.757575035,2.34375,1.55066252,43,43,44,1197.28394,1197.28394,2.251606,0.446941227,0.001445083,99.77366,32.23913,2.53988647,5.33838654,36,10.5565643,43.33333333
11/19/2021 19:01:24,2.35614777,2.34375,2.349949,38,37,39,1197.2843,1197.2843,2.28917575,0.504303,0.001428316,99.77369,31.826683,2.507393,5.37088,36,10.5571365,38
11/19/2021 19:06:23,3.076923,2.30768919,2.692306,37,37,38,1197.284,1197.284,2.23015285,0.4416543,0.001451776,99.773674,32.2056732,2.53725052,5.34102249,36,10.5571518,37.33333333
11/19/2021 19:11:23,0,1.5625,0.78125,37,37,37,1197.28394,1197.28394,2.10943818,0.331074834,0.001503421,99.77366,32.1534729,2.53313828,5.34513474,35,10.5571976,37
11/19/2021 19:16:23,0,2.30768919,1.15384459,40,40,40,1197.28394,1197.28394,2.074457,0.2843458,0.001450204,99.77367,32.09832,2.52879333,5.34947968,35,10.5571976,40
11/19/2021 19:21:23,2.34375,3.90625,3.125,37,37,37,1197.28369,1197.28369,2.15927482,0.378696322,0.001308052,99.77364,32.117157,2.53027725,5.34799576,35,10.5572281,37
11/19/2021 19:26:22,0.78125,2.34375,1.5625,40,40,40,1197.28442,1197.28442,2.07062864,0.28234458,0.001450191,99.7737045,32.116478,2.53022385,5.348049,35,10.5572281,40
11/19/2021 19:31:22,0,2.34375,1.171875,37,37,37,1197.2843,1197.2843,2.04404974,0.264616,0.001443137,99.7737,32.1032562,2.52918243,5.34909058,35,10.5572357,37
11/19/2021 19:36:22,5.46875,3.90625,4.6875,36,36,37,1197.28418,1197.28418,2.23748,0.45498237,0.001419149,99.77368,32.095993,2.52861023,5.349663,35,10.5572586,36.33333333
11/19/2021 19:41:23,2.34375,2.320075,2.33191252,38,38,38,1197.28442,1197.28442,2.3020494,0.513547659,0.001405283,99.7737045,32.09764,2.52874,5.349533,35,10.5572662,38
11/19/2021 19:46:23,3.90625,2.34375,3.125,42,42,42,1197.28394,1197.28394,2.26579618,0.465808272,0.001641737,99.77366,32.1814575,2.53534317,5.34293,35,10.5572891,42
11/19/2021 19:51:22,3.13739777,2.34375,2.740574,43,43,43,1197.284,1197.284,2.20340371,0.4008263,0.00164298,99.773674,32.3458939,2.548298,5.329975,36,10.5572739,43
11/19/2021 19:56:22,2.320075,1.5625,1.94128752,44,44,45,1197.284,1197.284,2.15256882,0.337070942,0.001626035,99.77367,32.3266754,2.54678345,5.33148956,36,10.5574036,44.33333333
11/19/2021 20:01:22,0.7692337,1.53846145,1.15385056,40,39,39,1197.28418,1197.28418,2.1009407,0.312855631,0.00159504,99.773674,32.2656555,2.541977,5.336296,36,10.5574036,39.33333333
11/19/2021 20:06:22,0.746268034,1.51515007,1.130712,37,37,38,1197.28369,1197.28369,2.18567657,0.4052081,0.001390841,99.7736359,31.993927,2.52056885,5.357704,36,10.5574646,37.33333333
11/19/2021 20:11:22,1.5625,2.34375,1.953125,37,37,37,1197.284,1197.284,2.10771966,0.327906132,0.001601924,99.773674,32.2526321,2.54095078,5.337322,36,10.5572891,37
11/19/2021 20:16:22,2.34375,2.34375,2.34375,37,37,40,1197.28418,1197.28418,2.10369468,0.314564943,0.001303865,99.77368,32.17153,2.53456116,5.343712,35,10.5572891,38
11/19/2021 20:21:22,2.34375,2.34375,2.34375,41,41,42,1197.28394,1197.28394,2.12558961,0.326460332,0.001605567,99.77367,32.1687241,2.53434,5.343933,35,10.5564651,41.33333333
11/19/2021 20:26:22,0.7692337,1.53846145,1.15385056,43,43,43,1197.28418,1197.28418,2.17727828,0.372002959,0.00143775,99.77368,32.1560364,2.53334045,5.34493256,36,10.55648,43
11/19/2021 20:31:23,0.78125,1.5625,1.171875,45,45,45,1197.284,1197.284,2.184194,0.3731863,0.001531129,99.773674,32.14456,2.53243637,5.34583664,36,10.55648,45
11/19/2021 20:36:23,0,1.51515007,0.757575035,45,45,46,1197.284,1197.284,2.14266682,0.3306257,0.0014929,99.77367,32.1522141,2.533039,5.345234,36,10.55648,45.33333333
11/19/2021 20:41:23,0.78125,3.125,1.953125,44,44,46,1197.28394,1197.28394,2.08519363,0.272793919,0.001334252,99.77367,32.1513367,2.53297043,5.34530258,37,10.5565033,44.66666667
11/19/2021 20:46:23,3.8461566,3.08893919,3.467548,45,45,46,1197.284,1197.284,2.22016287,0.4028508,0.001437095,99.77367,32.1817474,2.535366,5.342907,37,10.5565033,45.33333333
11/19/2021 20:51:23,1.5625,1.5625,1.5625,39,39,40,1197.284,1197.284,2.10938716,0.3216121,0.001425343,99.773674,32.265274,2.54194641,5.3363266,37,10.5565567,39.33333333
11/19/2021 20:56:23,0.78125,3.125,1.953125,39,39,39,1197.28394,1197.28394,2.23635721,0.4520597,0.001617442,99.77367,33.1064377,2.60821533,5.27005768,37,10.556633,39
11/19/2021 21:01:23,0.7692337,2.30768919,1.53846145,36,36,36,1197.28381,1197.28381,2.08504868,0.305286318,0.001552253,99.77366,32.34095,2.54790878,5.330364,36,10.556778,36
11/19/2021 21:06:23,1.5625,1.5625,1.5625,40,40,41,1197.28418,1197.28418,2.135389,0.3401995,0.001434089,99.77368,31.8438721,2.508747,5.369526,36,10.5567856,40.33333333
11/19/2021 21:11:24,1.53846145,1.53846145,1.53846145,38,38,39,1197.284,1197.284,2.23477,0.449690163,0.001594323,99.773674,32.26494,2.54191971,5.3363533,36,10.5569611,38.33333333
11/19/2021 21:16:24,3.13739777,3.13739777,3.13739777,38,38,38,1197.284,1197.284,2.13705945,0.357030869,0.001444976,99.773674,32.18112,2.53531647,5.34295654,36,10.5569839,38
11/19/2021 21:21:24,0.7692337,2.30768919,1.53846145,36,36,37,1197.284,1197.284,2.10000539,0.32228896,0.001415463,99.773674,32.1389,2.53199,5.346283,35,10.5569839,36.33333333
11/19/2021 21:26:24,1.5625,1.5625,1.5625,37,37,37,1197.28357,1197.28357,2.1334424,0.354856819,0.001632122,99.77363,32.1341,2.5316124,5.34666061,35,10.5570145,37
11/19/2021 21:31:24,3.1129837,2.36855149,2.74076462,41,41,41,1197.2843,1197.2843,2.13632274,0.337002426,0.001292637,99.77369,32.1433945,2.53234482,5.345928,35,10.5570145,41
11/19/2021 21:36:25,0.78125,1.5625,1.171875,43,43,43,1197.28418,1197.28418,2.073319,0.275322169,0.001429613,99.77368,32.14122,2.53217316,5.3461,35,10.5570679,43
11/19/2021 21:41:25,0,1.5625,0.78125,46,46,46,1197.284,1197.284,2.11641431,0.3057508,0.001344027,99.773674,32.13817,2.53193283,5.34634,36,10.5570984,46
11/19/2021 21:46:25,2.30768919,1.53846145,1.92307234,45,45,46,1197.28381,1197.28381,2.18998933,0.3761591,0.001637695,99.77365,32.3395538,2.54779816,5.330475,37,10.5570984,45.33333333
11/19/2021 21:51:25,0,2.34375,1.171875,39,39,39,1197.28394,1197.28394,2.139792,0.352936953,0.001327462,99.77367,32.22513,2.538784,5.339489,36,10.5571213,39
11/19/2021 21:56:26,2.34375,3.90625,3.125,37,37,37,1197.28418,1197.28418,2.20361948,0.420035332,0.00148916,99.773674,32.5638351,2.56546783,5.312805,36,10.5571671,37
11/19/2021 22:01:26,0.78125,1.5625,1.171875,37,36,37,1197.28394,1197.28394,2.18123436,0.400161266,0.001480044,99.77367,32.3411026,2.54792023,5.330353,35,10.5571671,36.66666667
11/19/2021 22:06:26,0,1.53846145,0.7692337,37,37,37,1197.28394,1197.28394,2.10199761,0.323044747,0.001207727,99.77366,32.2854156,2.54353333,5.33473969,35,10.5571976,37
11/19/2021 22:11:27,0.78125,3.125,1.953125,35,35,36,1197.28418,1197.28418,2.08652854,0.307671815,0.001611325,99.77368,32.1987,2.5367012,5.341572,35,10.5571442,35.33333333
11/19/2021 22:16:27,3.90625,2.34375,3.125,40,40,41,1197.284,1197.284,2.05697823,0.2612002,0.001237698,99.77367,31.846344,2.50894165,5.36933136,35,10.5571976,40.33333333
11/19/2021 22:21:27,2.34375,3.1129837,2.72836685,36,36,38,1197.28418,1197.28418,2.18481255,0.404729158,0.001592407,99.773674,32.16194,2.53380585,5.344467,35,10.5571976,36.66666667
11/19/2021 22:26:28,0.78125,2.34375,1.5625,36,36,37,1197.2843,1197.2843,2.110066,0.332259983,0.001327575,99.77369,32.1638336,2.53395462,5.34431839,35,10.5572052,36.33333333
11/19/2021 22:31:28,0,1.5625,0.78125,37,37,38,1197.28418,1197.28418,2.04294658,0.2647959,0.001586056,99.77368,32.15792,2.53348923,5.344784,34,10.5572052,37.33333333
11/19/2021 22:36:28,0.7692337,1.5625,1.16586685,40,40,40,1197.284,1197.284,2.10185862,0.3060426,0.00162732,99.773674,32.1970978,2.53657532,5.34169769,35,10.5572052,40
11/19/2021 22:41:28,3.10096145,1.53846145,2.31971145,36,36,37,1197.28418,1197.28418,2.209048,0.428611815,0.001577602,99.77368,32.176178,2.53492737,5.34334564,35,10.5572281,36.33333333
11/19/2021 22:46:27,0,1.5625,0.78125,40,40,41,1197.284,1197.284,2.14103436,0.353180021,0.001464646,99.773674,32.2197647,2.5383606,5.33991241,35,10.5572586,40.33333333
11/19/2021 22:51:28,0,1.5625,0.78125,42,42,43,1197.28394,1197.28394,2.179881,0.379085869,0.001647934,99.77366,32.18403,2.53554535,5.34272766,35,10.5572891,42.33333333
11/19/2021 22:56:28,3.8942337,3.101325,3.49777937,43,43,44,1197.28394,1197.28394,2.24397826,0.433123767,0.001467692,99.77367,32.50995,2.561222,5.317051,36,10.5572968,43.33333333
11/19/2021 23:01:28,2.34375,1.5625,1.953125,37,37,38,1197.28394,1197.28394,2.09917235,0.317053348,0.001449125,99.77367,32.2986832,2.54457855,5.33369446,36,10.5573349,37.33333333
11/19/2021 23:06:28,1.5625,3.17540169,2.36895084,37,37,38,1197.28418,1197.28418,2.106916,0.328172684,0.001304953,99.773674,32.5156555,2.56167221,5.316601,35,10.5573959,37.33333333
11/19/2021 23:11:28,0.78125,1.5625,1.171875,42,42,43,1197.2843,1197.2843,2.17031479,0.369966179,0.001495306,99.77369,32.452858,2.55672455,5.32154846,36,10.5575027,42.33333333
11/19/2021 23:16:28,2.34375,1.5625,1.953125,43,43,43,1197.28381,1197.28381,2.157427,0.3563679,0.001647855,99.77365,32.3505936,2.548668,5.329605,36,10.557518,43
11/19/2021 23:21:29,1.5504837,2.34375,1.94711685,38,38,38,1197.284,1197.284,2.04062676,0.260613471,0.001492789,99.773674,32.1763229,2.53493881,5.343334,36,10.557518,38
11/19/2021 23:26:28,2.36895084,3.90625,3.13760042,37,37,37,1197.2843,1197.2843,2.115196,0.3331755,0.0016072,99.77369,32.2549133,2.54113,5.337143,36,10.5575409,37
11/19/2021 23:31:29,0.757575035,2.320075,1.538825,36,36,37,1197.284,1197.284,2.20055437,0.419365853,0.001467881,99.773674,32.2501144,2.54075241,5.3375206,35,10.5575562,36.33333333
11/19/2021 23:36:29,2.2964,2.3317337,2.314067,40,40,41,1197.28394,1197.28394,2.13095474,0.340774477,0.001455394,99.77367,32.2276,2.53897858,5.33929443,35,10.5575867,40.33333333
11/19/2021 23:41:29,2.34375,3.150183,2.74696946,41,41,42,1197.284,1197.284,2.17454386,0.377383351,0.001444981,99.773674,32.2274551,2.53896713,5.339306,35,10.5575867,41.33333333
11/19/2021 23:46:29,0.78125,3.125,1.953125,38,38,38,1197.28418,1197.28418,2.12297487,0.342281222,0.001410625,99.77368,32.4859772,2.5593338,5.318939,36,10.55761,38
11/19/2021 23:51:29,2.35614777,2.34375,2.349949,36,36,37,1197.28418,1197.28418,2.11987853,0.341581285,0.001621696,99.773674,32.598793,2.568222,5.310051,36,10.5577011,36.33333333
11/19/2021 23:56:30,1.57489777,1.5625,1.56869888,40,40,41,1197.284,1197.284,2.2608397,0.461781085,0.001353751,99.77367,32.7177658,2.57759476,5.30067825,36,10.5577164,40.33333333
