,/intelcpu/0/load/1,/intelcpu/0/load/2,/intelcpu/0/load/0,/intelcpu/0/temperature/0,/intelcpu/0/temperature/1,/intelcpu/0/temperature/2,/intelcpu/0/clock/1,/intelcpu/0/clock/2,/intelcpu/0/power/0,/intelcpu/0/power/1,/intelcpu/0/power/2,/intelcpu/0/clock/0,/ram/load/0,/ram/data/0,/ram/data/1,/hdd/0/temperature/0,/hdd/0/load/0
Time,"CPU Core #1","CPU Core #2","CPU Total","CPU Core #1","CPU Core #2","CPU Package","CPU Core #1","CPU Core #2","CPU Package","CPU Cores","CPU Graphics","Bus Speed","Memory","Used Memory","Available Memory","Temperature","Used Space"
11/21/2021 00:02:12,0,1.5625,0.78125,40,40,41,1197.28381,1197.28381,2.07929325,0.281542927,0.001446572,99.77366,31.8975677,2.5129776,5.36529541,34,11.4121246
11/21/2021 00:07:12,2.34375,1.5625,1.953125,43,43,43,1197.284,1197.284,2.129227,0.3294546,0.00158172275,99.77367,31.8105621,2.50612259,5.37215042,35,11.4121246
11/21/2021 00:12:12,0,1.5625,0.78125,41,41,42,1197.284,1197.284,2.03042436,0.23273164,0.00145922787,99.77367,31.3776321,2.47201538,5.40625763,35,11.4121323
11/21/2021 00:17:12,1.5625,2.34375,1.953125,43,43,43,1197.284,1197.284,2.09052062,0.288544148,0.00144749437,99.773674,31.60913,2.49025345,5.38801956,36,11.41217
11/21/2021 00:22:12,0.78125,2.34375,1.5625,40,40,40,1197.284,1197.284,2.1363225,0.34559682,0.00161736261,99.773674,31.72403,2.49930573,5.37896729,36,11.4121552
11/21/2021 00:27:12,0,2.34375,1.171875,37,37,38,1197.28418,1197.28418,2.082716,0.304667115,0.001449488,99.77368,31.69619,2.49711227,5.38116074,35,11.4121628
11/21/2021 00:32:12,0,2.30768919,1.15384459,36,36,37,1197.28418,1197.28418,2.10658264,0.328602225,0.00142642041,99.77368,31.6876678,2.496441,5.381832,34,11.4122086
11/21/2021 00:37:12,0,0.78125,0.390625,39,39,40,1197.28455,1197.28455,2.073238,0.287979066,0.00144073833,99.77371,31.3709488,2.471489,5.406784,34,11.4122162
11/21/2021 00:42:13,0.7692337,1.53846145,1.15385056,42,42,42,1197.28418,1197.28418,2.13813019,0.340107679,0.00131876953,99.773674,31.6110153,2.49040222,5.387871,34,11.4122238
11/21/2021 00:47:13,0,2.30768919,1.15384459,41,41,42,1197.28418,1197.28418,2.08528543,0.28885594,0.00143088412,99.77368,31.7275162,2.49958038,5.37869263,35,11.4122314
11/21/2021 00:52:13,12.5,8.581734,10.5408669,40,41,46,1197.28394,2195.02051,3.52830076,1.6720978,0.00144964585,99.77367,32.6842575,2.574955,5.303318,35,11.41227
11/21/2021 00:57:13,0.78125,2.34375,1.5625,37,37,37,1197.284,1197.284,2.15081263,0.3718479,0.00144777785,99.773674,32.35945,2.549366,5.328907,38,11.4122772
11/21/2021 01:02:13,1.5625,1.5625,1.5625,40,40,40,1197.28479,1197.28479,2.12163019,0.336804032,0.0014270714,99.773735,32.1466446,2.5326004,5.34567261,39,11.412323
11/21/2021 01:07:13,1.5625,1.5625,1.5625,41,41,41,1197.28394,1197.28394,2.100385,0.304709017,0.00146124966,99.77367,32.25995,2.54152679,5.336746,39,11.4123
11/21/2021 01:12:13,0,1.5625,0.78125,42,42,43,1197.284,1197.284,2.12689066,0.326328456,0.00165322609,99.77367,32.1311035,2.531376,5.346897,38,11.4123306
11/21/2021 01:17:13,3.125,5.46875,4.296875,42,44,46,2993.21143,1895.70056,2.4710238,0.6514369,0.00167330331,99.77371,32.08239,2.5275383,5.35073471,37,11.4123688
11/21/2021 01:22:13,0,2.34375,1.171875,40,40,41,1197.28418,1197.28418,2.0842104,0.298026264,0.00146476773,99.77368,32.13662,2.53181076,5.34646225,37,11.4123764
11/21/2021 01:27:13,0.78125,1.5625,1.171875,38,38,38,1197.28418,1197.28418,2.10402226,0.3242372,0.00160680141,99.77368,31.81366,2.50636673,5.37190628,36,11.412384
11/21/2021 01:32:13,1.5625,2.35614777,1.95932388,39,39,40,1197.284,1197.284,2.08755088,0.300771445,0.00143159216,99.773674,32.0440369,2.524517,5.353756,35,11.4123764
11/21/2021 01:37:13,0,2.30768919,1.15384459,41,41,42,1197.284,1197.284,2.08903813,0.292518258,0.00132306153,99.773674,32.0744476,2.52691269,5.35136032,35,11.4123993
11/21/2021 01:42:14,1.53846145,1.53846145,1.53846145,42,42,42,1197.284,1197.284,2.05639887,0.259915352,0.00148720492,99.773674,32.06569,2.52622223,5.352051,35,11.4124222
11/21/2021 01:47:14,0,1.5625,0.78125,42,42,43,1197.284,1197.284,2.08256221,0.281586379,0.00162846607,99.773674,32.1414642,2.53219223,5.346081,36,11.4124527
11/21/2021 01:52:14,0,1.53846145,0.7692337,42,43,43,1197.284,1197.284,2.13823342,0.332305431,0.00130781555,99.77367,32.1299438,2.53128433,5.34698868,36,11.4124527
11/21/2021 01:57:14,0,1.5625,0.78125,38,38,38,1197.28394,1197.28394,2.158711,0.374994963,0.00144246547,99.77367,32.0965271,2.52865219,5.349621,35,11.4124756
11/21/2021 02:02:14,0.78125,1.5625,1.171875,36,36,38,1197.284,1197.284,2.20106149,0.4196676,0.00133906992,99.773674,32.3465271,2.54834747,5.32992554,35,11.4124985
11/21/2021 02:07:14,0,2.34375,1.171875,36,36,36,1197.28394,1197.28394,2.09097242,0.314943045,0.00161186489,99.77366,32.26464,2.54189682,5.336376,34,11.4124985
11/21/2021 02:12:14,0,1.5625,0.78125,35,35,36,1197.284,1197.284,2.06257415,0.286100239,0.00160988874,99.77367,32.1368637,2.53182983,5.346443,34,11.4125366
11/21/2021 02:17:14,2.34375,6.299603,4.32167625,40,40,41,1197.28418,1197.28418,2.5229013,0.719378233,0.00162903371,99.773674,32.1218567,2.53064728,5.34762573,34,11.4125366
11/21/2021 02:22:15,0.78125,2.35614777,1.56869888,37,37,38,1197.28394,1197.28394,2.13045168,0.351492018,0.00146901328,99.77366,31.83796,2.50828171,5.3699913,34,11.4125443
11/21/2021 02:27:15,0,1.5625,0.78125,38,39,40,1197.28394,1197.28394,2.103721,0.320602447,0.001652351,99.77367,31.862999,2.510254,5.368019,34,11.4126663
11/21/2021 02:32:15,1.5504837,2.34375,1.94711685,40,40,41,1197.28418,1197.28418,2.108935,0.313457817,0.001326854,99.77368,31.8796539,2.51156616,5.366707,34,11.4126816
11/21/2021 02:37:15,0.7692337,2.3317337,1.5504837,43,43,43,1197.28479,1197.28479,2.16337156,0.364942133,0.0015057,99.773735,31.89064,2.512432,5.365841,34,11.4127121
11/21/2021 02:42:16,0.7692337,3.076923,1.9230783,42,42,42,1197.28418,1197.28418,2.16477728,0.3658806,0.00142202911,99.77368,31.993103,2.520504,5.357769,35,11.41272
11/21/2021 02:47:16,0.78125,2.34375,1.5625,45,45,45,1197.28369,1197.28369,2.047778,0.241673484,0.001453008,99.77364,32.08854,2.52802277,5.35025024,35,11.411911
11/21/2021 02:52:16,0,1.5625,0.78125,44,44,44,1197.28418,1197.28418,2.18943143,0.378506154,0.001320924,99.77368,32.2570877,2.54130173,5.33697128,36,11.41198
11/21/2021 02:57:16,2.34375,1.5625,1.953125,37,37,37,1197.284,1197.284,2.09860873,0.321451277,0.00141621765,99.77367,31.95034,2.51713562,5.36113739,36,11.41217
11/21/2021 03:02:16,0.78125,2.34375,1.5625,40,40,40,1197.28418,1197.28418,2.13512564,0.343119442,0.00160796952,99.77368,32.2364655,2.53967667,5.33859634,35,11.4122086
11/21/2021 03:07:17,1.51515007,1.53846145,1.52680874,42,42,43,1197.284,1197.284,2.22542858,0.4257662,0.00162234192,99.773674,32.2305069,2.53920746,5.33906555,35,11.4122314
11/21/2021 03:12:17,0,1.53846145,0.7692337,43,43,43,1197.284,1197.284,2.067431,0.2675011,0.00140782166,99.773674,32.1458664,2.53253937,5.34573364,35,11.4123535
11/21/2021 03:17:17,0.7692337,3.125,1.94711685,43,43,43,1197.284,1197.284,2.32647943,0.516375542,0.00155488879,99.773674,32.093483,2.52841187,5.349861,36,11.4123688
11/21/2021 03:22:17,0.78125,1.5625,1.171875,45,45,45,1197.28394,1197.28394,2.14884567,0.3395747,0.00132272206,99.77367,32.1242676,2.530838,5.347435,36,11.4123383
11/21/2021 03:27:18,0,2.34375,1.171875,45,45,46,1197.28357,1197.28357,2.07048321,0.2567438,0.00159260933,99.7736359,31.86164,2.510147,5.368126,36,11.4123993
11/21/2021 03:32:18,0.78125,3.125,1.953125,40,40,41,1197.284,1197.284,2.13561726,0.341189146,0.00144953118,99.77367,32.00724,2.521618,5.356655,36,11.4123917
11/21/2021 03:37:18,0,2.34375,1.171875,38,38,38,1197.28418,1197.28418,2.14301562,0.359411478,0.00143868662,99.773674,32.02394,2.522934,5.355339,36,11.4124451
11/21/2021 03:42:18,0.757575035,1.5625,1.16003752,38,38,39,1197.28369,1197.28369,2.122665,0.334677577,0.00146477122,99.77364,32.84642,2.58773041,5.2905426,35,11.4125671
11/21/2021 03:47:18,1.5625,2.34375,1.953125,37,37,37,1197.28418,1197.28418,2.10716653,0.330992222,0.00150137639,99.77368,32.5244141,2.56236267,5.31591034,35,11.4128265
11/21/2021 03:52:18,3.125,1.5625,2.34375,38,37,40,1197.28418,1197.28418,2.192799,0.393316746,0.00145000149,99.77368,32.28392,2.543415,5.334858,35,11.4128723
11/21/2021 03:57:19,0.7692337,1.53846145,1.15385056,42,42,43,1197.284,1197.284,2.196704,0.397310823,0.0014676943,99.77367,32.35955,2.54937363,5.32889938,35,11.4128952
11/21/2021 04:02:19,0,1.5625,0.78125,42,42,43,1197.28418,1197.28418,2.07320547,0.274376243,0.00164415664,99.77369,32.29389,2.544201,5.334072,36,11.4129333
11/21/2021 04:07:19,0.78125,1.5625,1.171875,42,42,43,1197.284,1197.284,2.09035444,0.2876223,0.0013122987,99.773674,32.16829,2.53430557,5.34396744,36,11.4129486
11/21/2021 04:12:19,0,1.5625,0.78125,43,43,44,1197.28394,1197.28394,2.0751977,0.267451167,0.00132040924,99.77366,32.1027222,2.52914047,5.34913254,36,11.4129486
11/21/2021 04:17:19,1.53846145,1.53846145,1.53846145,44,44,45,1197.28394,1197.28394,2.19751978,0.389774263,0.0014264246,99.77367,32.0884933,2.528019,5.350254,36,11.4129333
11/21/2021 04:22:20,1.5625,1.5625,1.5625,40,40,41,1197.28357,1197.28357,2.226881,0.4367486,0.00132334232,99.77363,31.8877411,2.51220322,5.36607,37,11.4129868
11/21/2021 04:27:20,1.53846145,0.7692337,1.15384459,36,36,37,1197.28418,1197.28418,2.010904,0.233307734,0.00156723964,99.77368,31.8995056,2.51313019,5.365143,36,11.4129791
11/21/2021 04:32:20,0,1.5625,0.78125,38,38,39,1197.28394,1197.28394,2.09094429,0.308721453,0.00159746455,99.77367,31.9002838,2.51319122,5.365082,35,11.4129562
11/21/2021 04:37:20,0,2.30768919,1.15384459,40,40,41,1197.28394,1197.28394,2.04719782,0.250264376,0.00162529049,99.77366,31.9064789,2.5136795,5.36459351,35,11.4130554
11/21/2021 04:42:20,0,2.34375,1.171875,42,42,42,1197.284,1197.284,2.01539469,0.219021142,0.00131885649,99.77367,31.9094849,2.513916,5.364357,35,11.4130478
11/21/2021 04:47:20,0.78125,0.78125,0.78125,42,42,43,1197.28394,1197.28394,2.09746647,0.296471059,0.00147383474,99.77367,31.9389267,2.51623535,5.36203766,35,11.4130478
11/21/2021 04:52:20,0,1.5625,0.78125,40,40,41,1197.284,1197.284,2.064817,0.271312356,0.00158123532,99.773674,32.20804,2.53743744,5.34083557,36,11.4131088
11/21/2021 04:57:20,1.5625,1.5625,1.5625,37,37,38,1197.284,1197.284,2.06608963,0.286961138,0.0014329002,99.773674,32.07847,2.52722931,5.3510437,35,11.4131088
11/21/2021 05:02:20,0,1.5625,0.78125,40,40,41,1197.284,1197.284,2.10369754,0.310024083,0.001519425,99.773674,32.1968536,2.53655624,5.341717,35,11.413269
11/21/2021 05:07:20,1.5625,3.88221145,2.7223587,42,42,42,1197.28345,1197.28345,2.03900051,0.242512926,0.00159656978,99.77362,32.1587,2.53355026,5.34472275,35,11.4132538
11/21/2021 05:12:21,0.78125,2.30768919,1.54446959,42,42,43,1197.284,1197.284,2.119365,0.321146458,0.00143106689,99.77367,32.166832,2.53419113,5.344082,35,11.413269
11/21/2021 05:17:21,0,1.5625,0.78125,43,43,43,1197.28394,1197.28394,2.112873,0.313454,0.00141609437,99.77366,32.1702271,2.53445816,5.343815,36,11.4133072
11/21/2021 05:22:22,0.757575035,2.272725,1.51515007,40,40,40,1197.284,1197.284,2.13959837,0.351565063,0.00141856447,99.77367,32.0593948,2.52572632,5.35254669,36,11.4132919
11/21/2021 05:27:22,0,0.78125,0.390625,37,37,38,1197.28394,1197.28394,2.080104,0.300838828,0.00144693255,99.77366,32.03634,2.52391052,5.35436249,35,11.4133224
11/21/2021 05:32:22,0.78125,1.5625,1.171875,40,40,41,1197.28394,1197.28394,2.13121819,0.335159361,0.00144399714,99.77366,31.890213,2.51239777,5.36587524,35,11.4133224
11/21/2021 05:37:22,0,1.5625,0.78125,43,43,43,1197.28418,1197.28418,2.1094656,0.3121162,0.001434035,99.77368,31.93544,2.51596069,5.36231232,35,11.4133224
11/21/2021 05:42:22,0,2.34375,1.171875,39,41,45,1197.28418,1197.28418,2.04455018,0.241075873,0.00145098963,99.77368,31.9292831,2.51547623,5.362797,36,11.4133224
11/21/2021 05:47:22,0.78125,3.1129837,1.94711685,43,43,44,1197.28418,1197.28418,2.11709929,0.308371216,0.00146777229,99.77368,32.0861664,2.52783585,5.350437,36,11.4133682
11/21/2021 05:52:22,0,1.5625,0.78125,40,40,41,1197.284,1197.284,2.0439043,0.251440763,0.0014495342,99.773674,32.2676926,2.54213715,5.336136,36,11.4133835
11/21/2021 05:57:22,0,1.5625,0.78125,37,37,38,1197.28394,1197.28394,2.08653045,0.306736171,0.00147373369,99.77366,32.1598129,2.533638,5.344635,36,11.4134064
11/21/2021 06:02:22,1.5625,1.5625,1.5625,36,36,37,1197.284,1197.284,2.09882379,0.320492238,0.00160759012,99.773674,32.2327347,2.539383,5.33889,35,11.4134521
11/21/2021 06:07:21,0,1.5625,0.78125,40,40,41,1197.284,1197.284,2.07458615,0.282182664,0.00143639045,99.773674,32.1827621,2.53544617,5.342827,35,11.4134521
11/21/2021 06:12:21,1.53846145,1.53846145,1.53846145,42,42,42,1197.28418,1197.28418,2.09230256,0.293928117,0.001451497,99.77368,31.8155441,2.5065155,5.37175751,35,11.4134674
11/21/2021 06:17:21,1.5625,2.34375,1.953125,42,42,42,1197.28333,1197.28333,2.124657,0.3248557,0.00132395385,99.7736053,31.8971329,2.51294327,5.36532974,35,11.4134674
11/21/2021 06:22:21,0.78125,0.78125,0.78125,39,39,40,1197.284,1197.284,2.06943,0.282398075,0.00160539511,99.773674,31.9221649,2.51491547,5.36335754,35,11.41349
11/21/2021 06:27:21,0.78125,2.34375,1.5625,37,37,37,1197.2793,1197.2793,2.14170432,0.3614742,0.0014381248,99.77327,31.9103088,2.51398087,5.364292,35,11.4134827
11/21/2021 06:32:21,0.78125,1.5625,1.171875,36,36,36,1197.28381,1197.28381,2.051965,0.2731938,0.00131130591,99.77366,31.9117584,2.51409531,5.3641777,34,11.4134979
11/21/2021 06:37:21,0.78125,2.34375,1.5625,40,40,41,1197.28418,1197.28418,2.044302,0.2531878,0.0016222212,99.77368,31.9196014,2.51471329,5.36355972,34,11.4134979
11/21/2021 06:42:21,0,2.34375,1.171875,41,41,42,1197.2843,1197.2843,2.09467721,0.2954085,0.00163690874,99.77369,31.9181442,2.51459885,5.363674,35,11.413559
11/21/2021 06:47:21,3.125,2.34375,2.734375,42,42,43,1197.28418,1197.28418,2.16907954,0.368716151,0.00154513749,99.773674,31.954422,2.517456,5.360817,35,11.4135742
11/21/2021 06:52:21,1.5625,0.78125,1.171875,40,40,41,1197.28381,1197.28381,2.09551835,0.298391968,0.0014506022,99.77365,32.34662,2.548355,5.329918,35,11.4136047
11/21/2021 06:57:21,0,2.34375,1.171875,36,36,37,1197.28394,1197.28394,2.10247421,0.324182272,0.00133062177,99.77366,32.1000137,2.52892685,5.349346,35,11.4136429
11/21/2021 07:02:21,0.78125,2.34375,1.5625,41,41,43,1197.284,1197.284,2.13270116,0.333455831,0.00129707786,99.77367,32.0843277,2.527691,5.350582,35,11.4136658
11/21/2021 07:07:21,0.78125,2.34375,1.5625,42,42,43,1197.28418,1197.28418,2.195369,0.393918,0.0016238722,99.773674,32.1072235,2.52949524,5.348778,35,11.4137268
11/21/2021 07:12:21,0,1.51515007,0.757575035,43,43,43,1197.284,1197.284,2.05415344,0.2532541,0.0015208628,99.77367,31.91195,2.51411057,5.36416245,35,11.4137344
11/21/2021 07:17:21,0,1.5625,0.78125,44,44,44,1197.28467,1197.28467,2.10359955,0.2937053,0.00152458192,99.77373,31.8639145,2.51032639,5.36794662,36,11.4137421
11/21/2021 07:22:21,1.5625,1.5625,1.5625,40,40,40,1197.284,1197.284,2.06728864,0.26988712,0.00161709543,99.77367,31.89486,2.512764,5.365509,36,11.4137726
11/21/2021 07:27:21,1.5625,1.5625,1.5625,36,36,37,1197.284,1197.284,2.18644118,0.408584476,0.00144953036,99.773674,31.8716125,2.510933,5.36734,35,11.4137573
11/21/2021 07:32:21,2.34375,1.5625,1.953125,36,36,37,1197.28394,1197.28394,2.15286517,0.374568731,0.00132329564,99.77367,31.9522781,2.51728821,5.360985,34,11.4138184
11/21/2021 07:37:22,0,2.34375,1.171875,36,36,36,1197.284,1197.284,2.07703829,0.300239861,0.0013111569,99.77367,31.9403229,2.516346,5.361927,34,11.4138107
11/21/2021 07:42:22,0,2.34375,1.171875,35,35,36,1197.284,1197.284,2.14147234,0.362176776,0.0014904394,99.773674,31.940567,2.516365,5.361908,33,11.4138031
11/21/2021 07:47:22,0,1.5625,0.78125,39,39,40,1197.284,1197.284,2.0317874,0.245311737,0.001426231,99.773674,32.11425,2.53004837,5.34822464,33,11.4130325
11/21/2021 07:52:22,1.5625,2.34375,1.953125,41,41,41,1197.28381,1197.28381,2.09512234,0.295907944,0.00145257439,99.77365,32.11628,2.53020859,5.34806442,34,11.413147
11/21/2021 07:57:22,2.34375,1.5625,1.953125,42,42,43,1197.28394,1197.28394,2.10472679,0.304901421,0.00143607508,99.77367,32.01348,2.52211,5.356163,34,11.4131165
11/21/2021 08:02:22,2.320075,2.3317337,2.32590437,43,43,43,1197.28394,1197.28394,2.12057924,0.318449616,0.00162568188,99.77366,32.0119324,2.521988,5.356285,35,11.4131622
11/21/2021 08:07:23,0,1.5625,0.78125,43,43,44,1197.284,1197.284,2.11978149,0.311608285,0.0013119065,99.773674,31.9725266,2.51888275,5.35939026,35,11.4129486
11/21/2021 08:12:23,3.101325,3.101325,3.101325,43,43,43,1197.28394,1197.28394,2.15192,0.344649166,0.00133856141,99.77367,31.9497147,2.517086,5.361187,36,11.4129715
11/21/2021 08:17:23,0,1.5625,0.78125,42,42,44,1197.28418,1197.28418,2.0792768,0.273898,0.00165312306,99.77368,31.9499588,2.517105,5.361168,36,11.4129715
11/21/2021 08:22:23,0.7692337,1.53846145,1.15385056,40,40,40,1197.28418,1197.28418,2.1088438,0.314419746,0.00143425888,99.77368,31.9823074,2.51965332,5.35861969,36,11.4129868
11/21/2021 08:27:23,0,1.5625,0.78125,37,37,38,1197.28345,1197.28345,2.14197183,0.362148583,0.00158989849,99.77362,31.959938,2.517891,5.360382,35,11.4129791
11/21/2021 08:32:23,1.5625,1.5625,1.5625,36,36,37,1197.284,1197.284,2.11495137,0.3362944,0.001595685,99.77367,31.94551,2.51675415,5.361519,34,11.4129944
11/21/2021 08:37:24,0,1.53846145,0.7692337,40,40,41,1197.28394,1197.28394,2.057993,0.264275968,0.001425077,99.77366,31.9454575,2.51675034,5.36152267,35,11.4129868
11/21/2021 08:42:24,1.57489777,2.3317337,1.95331573,42,42,42,1197.284,1197.284,2.087948,0.2883913,0.00160915544,99.773674,31.81424,2.50641251,5.3718605,35,11.41304
11/21/2021 08:47:24,0.7692337,3.06526423,1.917249,40,41,43,1197.284,1197.284,2.10831,0.308392555,0.00161305675,99.773674,32.011116,2.521923,5.35635,35,11.4131012
11/21/2021 08:52:24,0,1.5625,0.78125,42,42,43,1197.28418,1197.28418,2.06454849,0.267805129,0.00144414417,99.77368,32.2029572,2.537037,5.341236,35,11.4131088
11/21/2021 08:57:24,0,1.53846145,0.7692337,36,36,37,1197.2843,1197.2843,2.03576756,0.25789544,0.00141832046,99.77369,33.41884,2.63282776,5.24544525,37,11.4133606
11/21/2021 09:02:24,1.5625,2.34375,1.953125,36,36,36,1197.28394,1197.28394,2.09810758,0.320501059,0.00160712958,99.77367,33.1365051,2.61058426,5.26768875,36,11.413414
11/21/2021 09:07:24,0.78125,2.34375,1.5625,40,40,41,1197.28394,1197.28394,2.09280849,0.295199215,0.001614692,99.77366,32.3442459,2.54816818,5.330105,35,11.4134216
11/21/2021 09:12:25,0,2.30768919,1.15384459,42,42,42,1197.284,1197.284,2.10600662,0.308034927,0.00142678292,99.773674,32.0968246,2.528675,5.349598,35,11.4133759
11/21/2021 09:17:25,0,1.5625,0.78125,42,42,43,1197.284,1197.284,2.04910541,0.250504583,0.00162824907,99.773674,32.0897,2.52811432,5.35015869,35,11.4134216
11/21/2021 09:22:25,2.34375,3.125,2.734375,40,40,40,1197.28418,1197.28418,2.09417486,0.3027111,0.001299838,99.77368,32.2012634,2.53690338,5.34136963,36,11.4134064
11/21/2021 09:27:25,0.78125,2.34375,1.5625,37,37,38,1197.28418,1197.28418,2.1125145,0.332036048,0.001605812,99.77368,32.18354,2.5355072,5.342766,35,11.413414
11/21/2021 09:32:24,0,1.5625,0.78125,38,38,39,1197.28394,1197.28394,2.073198,0.2930102,0.00129887182,99.77367,32.1701279,2.53445053,5.34382248,34,11.4134369
11/21/2021 09:37:25,0,2.34375,1.171875,40,40,41,1197.28381,1197.28381,2.08630514,0.291824341,0.00164369133,99.77366,31.9373779,2.51611328,5.36215973,35,11.4134216
11/21/2021 09:42:25,0.78125,1.5625,1.171875,41,41,42,1197.284,1197.284,2.10666466,0.309331775,0.0016637306,99.77367,31.9971237,2.52082062,5.35745239,35,11.4134827
11/21/2021 09:47:25,0,2.272725,1.13636255,37,37,38,1197.28394,1197.28394,2.08303666,0.304568321,0.00139833055,99.77367,32.055275,2.525402,5.352871,35,11.4134674
11/21/2021 09:52:25,0.757575035,1.5625,1.16003752,36,36,37,1197.284,1197.284,2.03618169,0.258121669,0.00144490949,99.773674,32.3753357,2.55061722,5.327656,34,11.4135361
11/21/2021 09:57:25,0,2.30768919,1.15384459,36,36,37,1197.28418,1197.28418,2.07886577,0.300667167,0.0015847407,99.77368,32.23777,2.53977966,5.33849335,34,11.4135208
11/21/2021 10:02:25,0.78125,0.78125,0.78125,36,36,36,1197.284,1197.284,2.13752866,0.358483136,0.00144500588,99.773674,32.3238144,2.54655838,5.33171463,33,11.4135284
11/21/2021 10:07:25,0,1.5625,0.78125,40,40,40,1197.284,1197.284,2.21238279,0.422075748,0.00163231161,99.77367,32.2930679,2.544136,5.334137,34,11.413559
11/21/2021 10:12:25,3.125,3.125,3.125,41,41,41,1197.28418,1197.28418,2.07629251,0.278904051,0.00128624844,99.77369,32.3066254,2.54520416,5.333069,34,11.4135666
11/21/2021 10:17:25,1.51549578,1.53846145,1.52698159,41,41,41,1197.28418,1197.28418,2.1113646,0.3122265,0.001441184,99.773674,32.0062256,2.52153778,5.356735,35,11.4136887
11/21/2021 10:22:25,0.793647766,2.35614777,1.57489777,44,44,44,1197.2843,1197.2843,2.16661,0.360347956,0.00165557407,99.7737,32.0667038,2.52630234,5.35197067,35,11.4136887
11/21/2021 10:27:25,1.5625,1.5625,1.5625,44,44,44,1197.28467,1197.28467,2.09854412,0.293167651,0.00131960737,99.77373,32.03203,2.523571,5.354702,35,11.4137039
11/21/2021 10:32:25,21.875,17.1875,19.53125,38,40,43,2394.569,2394.569,5.40723562,3.208772,0.06595102,99.77371,35.77169,2.81819153,5.06008148,37,11.4141388
11/21/2021 10:37:25,9.375,7.06959963,8.222294,39,38,43,1197.28381,1197.28381,4.403719,2.24928522,0.0327157676,99.77365,39.32672,3.0982666,4.78000641,40,14.9610062
11/21/2021 10:42:25,17.96875,10.15625,14.0625,38,39,43,1197.28394,1197.28394,3.989202,1.85961735,0.0323496647,99.77366,39.44482,3.10757065,4.77070236,43,18.7310715
11/21/2021 10:47:25,15.625,10.9375,13.28125,39,39,43,1197.28381,1197.28381,4.14251232,1.96649361,0.0355388559,99.77365,41.9066162,3.30151749,4.57675552,44,22.2807083
11/21/2021 10:52:25,1.5625,1.5625,1.5625,39,39,40,1197.28467,1197.28467,2.13755131,0.3301194,0.004638823,99.77372,34.7364655,2.7366333,5.14163971,44,23.62558
11/21/2021 10:57:25,2.34375,1.5625,1.953125,39,39,39,1197.28394,1197.28394,2.22698259,0.41891253,0.00466933427,99.77367,35.75271,2.81669617,5.061577,44,23.5587463
11/21/2021 11:02:25,1.5625,2.34375,1.953125,37,37,37,1197.28418,1197.28418,2.19930673,0.396360159,0.00315867388,99.77368,34.6481476,2.72967529,5.14859772,43,23.5325241
11/21/2021 11:07:25,1.5625,2.34375,1.953125,37,37,37,1197.28394,1197.28394,2.1341846,0.332528859,0.00320443558,99.77366,33.823204,2.6646843,5.21358871,43,23.53267
11/21/2021 11:12:25,2.34375,2.34375,2.34375,36,36,37,1197.284,1197.284,2.12394571,0.314036936,0.00305186538,99.77367,33.496315,2.63893127,5.23934174,43,23.5325546
11/21/2021 11:17:25,2.34375,1.5625,1.953125,36,36,36,1197.284,1197.284,2.21534276,0.414289564,0.00299081975,99.773674,33.47438,2.63720322,5.24107,38,23.5325165
11/21/2021 11:22:25,3.90625,1.5625,2.734375,39,39,40,1197.284,1197.284,2.14797473,0.339427769,0.00302134058,99.773674,33.5112839,2.64011,5.238163,37,23.53254
11/21/2021 11:27:25,3.10096145,3.13739777,3.11918259,41,41,41,1197.284,1197.284,2.15541935,0.334925979,0.00318919,99.773674,33.43119,2.63380051,5.2444725,36,23.5324478
11/21/2021 11:32:25,3.90625,3.91864777,3.912449,43,43,43,1197.284,1197.284,2.278472,0.448699534,0.00320445164,99.773674,33.3787,2.62966537,5.24860764,37,23.53247
11/21/2021 11:37:25,1.5625,3.125,2.34375,46,46,46,1197.28418,1197.28418,2.14091,0.3046519,0.00309763732,99.773674,33.41729,2.63270569,5.24556732,37,23.5325012
11/21/2021 11:42:25,0,2.34375,1.171875,46,46,46,1197.284,1197.284,2.12511563,0.286920458,0.003036599,99.773674,33.36611,2.62867355,5.24959946,37,23.5325317
11/21/2021 11:47:25,2.34375,3.125,2.734375,40,40,40,1197.284,1197.284,2.19220424,0.3809955,0.0033417982,99.773674,33.586235,2.64601517,5.232258,37,23.5321732
11/21/2021 11:52:25,0.78125,1.5625,1.171875,38,38,39,1197.28467,1197.28467,2.12554216,0.323629528,0.002990777,99.77373,33.46785,2.63668823,5.241585,36,23.5321884
11/21/2021 11:57:25,3.125,0.78125,1.953125,39,39,40,1197.284,1197.284,2.12583256,0.3146618,0.00335704372,99.77367,33.444458,2.63484573,5.24342728,35,23.532196
11/21/2021 12:02:25,1.5625,2.34375,1.953125,42,42,43,1197.2843,1197.2843,2.19249964,0.364925772,0.00340282032,99.77369,33.54914,2.643093,5.23518,35,23.5321884
11/21/2021 12:07:25,1.5625,1.5625,1.5625,37,37,38,1197.28394,1197.28394,2.16296124,0.357876569,0.00315867714,99.77367,33.5814362,2.64563751,5.2326355,36,23.5322723
11/21/2021 12:12:25,1.5625,3.125,2.34375,36,36,37,1197.28394,1197.28394,2.15757775,0.357943267,0.00332644,99.77366,33.92392,2.67261887,5.205654,35,23.5323257
11/21/2021 12:17:25,0,1.5625,0.78125,36,36,37,1197.28394,1197.28394,2.06540585,0.266534,0.0031739322,99.77366,33.5387344,2.642273,5.236,35,23.5323334
11/21/2021 12:22:25,0.78125,1.5625,1.171875,38,38,39,1197.28418,1197.28418,2.14008451,0.33398,0.003143413,99.77368,33.5618744,2.64409637,5.23417664,35,23.5323639
11/21/2021 12:27:25,0,1.5625,0.78125,37,37,38,1197.284,1197.284,2.08665442,0.287902266,0.00288405851,99.77367,33.55002,2.64316177,5.235111,34,23.5323639
11/21/2021 12:32:25,0,1.5625,0.78125,36,36,36,1197.28394,1197.28394,2.17960382,0.37770012,0.00335706328,99.77367,33.5523376,2.64334488,5.234928,34,23.5323715
11/21/2021 12:37:25,0,1.5625,0.78125,37,37,37,1197.284,1197.284,2.12317657,0.323771447,0.00297556,99.77367,33.5719,2.644886,5.233387,34,23.5324326
11/21/2021 12:42:25,2.34375,2.34375,2.34375,38,38,39,1197.28418,1197.28418,2.09543824,0.289499521,0.00297556445,99.773674,33.5818253,2.645668,5.232605,34,23.5324249
11/21/2021 12:47:25,0,1.5625,0.78125,42,42,42,1197.28394,1197.28394,2.18100858,0.3608209,0.00317392964,99.77366,33.6333466,2.64972687,5.228546,34,23.5324478
11/21/2021 12:52:25,7.862103,4.71230125,6.287205,38,39,41,1197.28418,1197.28418,3.23353744,1.26844132,0.0175178424,99.77368,34.1576,2.69102859,5.18724442,37,23.5800171
11/21/2021 12:57:25,5.481148,3.90625,4.693699,37,38,41,1197.28394,1197.28394,3.163172,1.19931233,0.0191045236,99.77366,37.6231956,2.964058,4.914215,40,23.6169662
11/21/2021 13:02:25,9.375,7.8125,8.59375,39,39,41,1197.28394,1197.28394,3.40786433,1.43039036,0.0176572483,99.77366,34.2542419,2.69864273,5.17963028,42,23.5803528
11/21/2021 13:07:25,14.1369047,10.21825,12.1775808,36,37,40,1197.2843,1197.2843,3.32525516,1.35112286,0.0199435055,99.77369,33.471283,2.636959,5.241314,43,23.5800247
11/21/2021 13:12:25,10.9375,8.59375,9.765625,39,39,42,1396.83167,1197.2843,4.113909,2.16181374,0.0206479039,99.7737,33.594223,2.64664459,5.23162842,44,23.5800552
11/21/2021 13:17:25,7.8125,5.432689,6.622595,40,40,41,1197.28394,1895.69958,3.28631926,1.31940472,0.0185556542,99.77367,33.5803223,2.64554977,5.232723,44,23.580574
11/21/2021 13:22:25,2.35614777,5.49355125,3.92484665,38,39,40,1197.28442,1197.28442,3.28135467,1.29303074,0.0202343632,99.7737,33.0138626,2.60092163,5.27735138,45,23.5810242
11/21/2021 13:27:25,11.71875,10.9375,11.328125,37,36,40,1197.28394,1197.28394,3.922228,1.88107944,0.03837692,99.77366,33.28002,2.621891,5.256382,46,23.5806122
11/21/2021 13:32:25,7.69230747,4.639423,6.165862,36,37,41,1197.28381,1197.28381,3.33623385,1.36022747,0.0178941712,99.77365,33.2100525,2.61637878,5.261894,46,23.5807343
11/21/2021 13:37:25,10.15625,7.8125,8.984375,39,37,42,1197.284,1197.284,3.30172086,1.32507992,0.0206302237,99.773674,33.2668076,2.62084961,5.2574234,46,23.5811768
11/21/2021 13:42:25,10.9375,6.25,8.59375,36,40,41,1197.2843,1197.2843,3.235051,1.25440717,0.020600073,99.77369,33.1642456,2.61277,5.265503,46,23.5811768
11/21/2021 13:47:25,12.5,7.862103,10.1810513,37,38,42,1197.284,1197.284,3.25157428,1.2777524,0.0175943878,99.77367,32.9036026,2.59223557,5.28603745,46,23.5807877
11/21/2021 13:52:25,8.64335251,6.25,7.44667625,36,40,40,1197.28455,1197.28455,3.33357882,1.35069287,0.02116466,99.77371,33.15883,2.61234283,5.26593,46,23.5812912
11/21/2021 13:57:25,7.776439,6.213939,6.995189,36,41,42,1197.28394,1197.28394,3.27343178,1.29710448,0.01800559,99.77367,33.2651138,2.620716,5.257557,46,23.581337
11/21/2021 14:02:25,6.25,7.03125,6.640625,37,40,42,1197.28369,1197.28369,3.199827,1.23326862,0.0212864019,99.7736359,33.3962326,2.6310463,5.24722672,46,23.5810928
11/21/2021 14:07:25,4.6875,4.6875,4.6875,41,40,41,1995.474,1995.474,3.38590717,1.4069736,0.01995902,99.7737045,33.4462967,2.63499069,5.24328232,46,23.5811386
11/21/2021 14:12:25,5.46875,3.125,4.296875,39,38,42,1197.28333,1197.28333,3.30585647,1.32786322,0.020080531,99.7736053,33.1906357,2.614849,5.263424,46,23.582634
11/21/2021 14:17:25,2.34375,1.5625,1.953125,34,34,40,1197.284,1197.284,2.16963673,0.3647292,0.0033417996,99.773674,33.3247681,2.6254158,5.252857,45,23.58184
11/21/2021 14:22:25,0,1.5625,0.78125,39,39,39,1197.284,1197.284,2.08951354,0.284524441,0.00302133663,99.773674,33.3607864,2.628254,5.250019,44,23.5818481
11/21/2021 14:27:25,3.125,2.3317337,2.72836685,37,37,38,1197.284,1197.284,2.142983,0.3427082,0.00334178284,99.77367,33.3581238,2.62804413,5.250229,44,23.5818787
11/21/2021 14:32:25,0.78125,1.5625,1.171875,37,37,38,1197.28418,1197.28418,2.129648,0.332751274,0.002975626,99.77368,32.9635925,2.596962,5.281311,44,23.5818939
11/21/2021 14:37:25,1.57489777,2.35614777,1.96552277,38,38,38,1197.28418,1197.28418,2.185337,0.386036366,0.00332658435,99.77368,33.2717438,2.62123871,5.2570343,44,23.581955
11/21/2021 14:42:25,0,1.53846145,0.7692337,38,38,38,1197.28418,1197.28418,2.07885146,0.282327652,0.0029908237,99.77368,33.24443,2.61908722,5.259186,44,23.5819321
11/21/2021 14:47:25,1.5625,2.34375,1.953125,37,37,37,1197.284,1197.284,2.13297319,0.335078627,0.00302133826,99.773674,33.3361435,2.62631226,5.25196075,43,23.5819855
11/21/2021 14:52:25,1.5625,2.34375,1.953125,37,37,37,1197.28394,1197.28394,2.14106226,0.336467475,0.004791419,99.77366,33.391777,2.63069534,5.24757767,43,23.5819931
11/21/2021 14:57:25,0.78125,1.5625,1.171875,37,37,38,1197.28394,1197.28394,2.14521122,0.347225,0.003326524,99.77367,33.2772675,2.62167358,5.25659943,43,23.5820084
11/21/2021 15:02:25,0.78125,2.34375,1.5625,38,38,38,1197.284,1197.284,2.1278615,0.329524249,0.0033417833,99.773674,33.4821243,2.63781357,5.24045944,41,23.5820923
11/21/2021 15:07:25,0.78125,1.5625,1.171875,37,37,37,1197.284,1197.284,2.14542747,0.348568261,0.00300608273,99.773674,33.5,2.63922119,5.239052,38,23.5821533
11/21/2021 15:12:25,2.34375,2.34375,2.34375,36,36,37,1197.28467,1197.28467,2.1110158,0.315119565,0.00331126549,99.77373,33.3023,2.62364578,5.254627,37,23.5821762
11/21/2021 15:17:25,6.8892,8.5464,7.7178,38,43,43,2993.21118,2993.21118,3.65554714,1.81561923,0.00297562452,99.7737045,32.8164444,2.585369,5.292904,36,23.5821762
11/21/2021 15:22:25,1.5625,3.15020084,2.35635042,37,37,38,1197.284,1197.284,2.132974,0.332698256,0.00314341346,99.77367,33.3499451,2.62739944,5.25087357,35,23.58216
11/21/2021 15:27:25,2.34375,2.34375,2.34375,37,37,38,1197.28418,1197.28418,2.114327,0.315882534,0.00320445048,99.773674,33.3547821,2.627781,5.250492,35,23.5821762
11/21/2021 15:32:25,0,0.78125,0.390625,37,37,38,1197.284,1197.284,2.08785367,0.289041877,0.00327534718,99.773674,33.34031,2.62664032,5.25163269,34,23.5822
11/21/2021 15:37:25,0,1.5625,0.78125,41,41,42,1197.28394,1197.28394,2.179103,0.3619554,0.00299086259,99.77367,33.32418,2.62537,5.252903,35,23.5822
11/21/2021 15:42:25,0,2.34375,1.171875,41,40,41,1197.284,1197.284,2.19016862,0.373929381,0.003204455,99.773674,33.7887268,2.66196823,5.216305,35,23.58229
11/21/2021 15:47:25,3.93145084,3.14980149,3.54062319,37,37,38,1197.284,1197.284,2.25660753,0.446670443,0.00488297828,99.773674,33.8149261,2.664032,5.214241,35,23.5823364
11/21/2021 15:52:25,7.83730125,7.068455,7.452875,39,39,40,1197.2843,1197.2843,2.34778833,0.5330362,0.00299081323,99.77369,33.50116,2.63931274,5.23896027,35,23.5823059
11/21/2021 15:57:25,0.78125,2.34375,1.5625,37,37,38,1197.28442,1197.28442,2.26454139,0.463074028,0.00332652777,99.7737045,33.5669174,2.644493,5.23378,35,23.5823135
11/21/2021 16:02:25,0,2.34375,1.171875,36,36,36,1197.28394,1197.28394,2.16172433,0.3652772,0.003021342,99.77367,33.32016,2.62505341,5.2532196,35,23.58236
11/21/2021 16:07:25,0,1.5625,0.78125,37,37,37,1197.28418,1197.28418,2.18363738,0.384402573,0.003311316,99.77368,33.2235641,2.617443,5.26083,34,23.5823746
11/21/2021 16:12:25,0,1.5625,0.78125,39,39,39,1197.284,1197.284,2.20259976,0.398488939,0.002868803,99.773674,34.05024,2.68257141,5.1957016,34,23.5824432
11/21/2021 16:17:25,2.3317337,3.90625,3.11899185,37,37,38,1197.28418,1197.28418,2.163206,0.3643161,0.00294504757,99.77368,33.89685,2.67048645,5.20778656,35,23.5816956
11/21/2021 16:22:25,8.59375,3.90625,6.25,38,37,38,1197.28418,1197.28418,3.02274966,1.166108,0.0200508516,99.773674,33.7051544,2.655384,5.222889,34,23.58149
11/21/2021 16:27:25,0.78125,1.5625,1.171875,40,40,40,1197.28394,1197.28394,2.198193,0.3865485,0.004837197,99.77367,34.5557556,2.72239685,5.155876,35,23.5815964
11/21/2021 16:32:25,2.34375,3.90625,3.125,43,43,44,1197.28369,1197.28369,2.254539,0.4277626,0.00343333138,99.7736359,34.136055,2.689331,5.188942,35,23.5816574
11/21/2021 16:37:25,0.78125,3.125,1.953125,38,38,39,1197.284,1197.284,2.20986676,0.403669447,0.00335704535,99.77367,33.90058,2.67078018,5.207493,36,23.580925
11/21/2021 16:42:25,2.34375,1.5625,1.953125,37,37,38,1197.28394,1197.28394,2.175443,0.3742576,0.00343341613,99.77367,33.8396149,2.66597748,5.21229553,36,23.5809555
11/21/2021 16:47:25,2.3317337,2.34375,2.33774185,38,38,38,1197.284,1197.284,2.18833041,0.387394935,0.0031739925,99.77367,33.93036,2.67312622,5.205147,35,23.5810089
11/21/2021 16:52:25,1.5625,1.5625,1.5625,36,36,38,1197.28418,1197.28418,2.18160367,0.383343577,0.00317392964,99.773674,33.7814636,2.661396,5.216877,35,23.5810013
11/21/2021 16:57:25,1.5625,3.101325,2.33191252,42,42,42,1197.2843,1197.2843,2.16219759,0.3452265,0.003204454,99.77369,33.4736633,2.637146,5.241127,35,23.5810547
11/21/2021 17:02:25,2.34375,3.90625,3.125,36,36,37,1197.28381,1197.28381,2.17217636,0.375561863,0.00335704559,99.77365,33.81681,2.66418076,5.21409225,34,23.5812683
11/21/2021 17:07:25,4.6875,3.93105149,4.309273,40,40,41,1197.28394,1197.28394,2.1752255,0.362247646,0.00300614117,99.77367,33.7985077,2.6627388,5.215534,34,23.5813522
11/21/2021 17:12:25,1.5625,0.78125,1.171875,38,40,43,1197.28394,1197.28394,2.13039255,0.31168586,0.003204447,99.77367,33.7116852,2.655899,5.222374,34,23.5813522
11/21/2021 17:17:25,0.78125,2.34375,1.5625,39,39,40,1197.284,1197.284,2.184587,0.374952316,0.0031892003,99.77367,35.42408,2.79080582,5.087467,34,23.5817032
11/21/2021 17:22:25,2.3317337,3.88221145,3.10697556,40,40,40,1197.284,1197.284,2.201583,0.3867625,0.00338756712,99.773674,35.1585922,2.76988983,5.108383,34,23.5815582
11/21/2021 17:27:25,0,1.5625,0.78125,41,41,41,1197.28394,1197.28394,2.20151877,0.3829211,0.00305226957,99.77367,34.06971,2.684105,5.194168,34,23.5815125
11/21/2021 17:32:25,1.5504837,2.34375,1.94711685,40,40,41,1197.284,1197.284,2.13338971,0.3175769,0.00335704954,99.773674,34.18142,2.69290543,5.18536758,34,23.5815125
11/21/2021 17:37:25,2.36855149,3.125,2.74677277,31,34,37,1197.28394,1197.28394,2.178353,0.3801543,0.002990818,99.77367,34.484726,2.71680069,5.16147232,33,23.5815277
11/21/2021 17:42:25,0.78125,0.78125,0.78125,38,38,39,1197.28394,1197.28394,2.15179038,0.3466303,0.003189194,99.77367,33.6889343,2.65410614,5.224167,33,23.5815582
11/21/2021 17:47:25,0,2.34375,1.171875,40,40,41,1197.28369,1197.28369,2.17795873,0.363247424,0.00337230344,99.77364,34.0850143,2.68531036,5.19296265,33,23.5816269
11/21/2021 17:52:25,3.90625,1.5625,2.734375,39,39,39,1197.28394,1197.28394,2.21212435,0.399617344,0.00299075944,99.77367,34.01098,2.67947769,5.19879532,33,23.5816116
11/21/2021 17:57:25,1.5625,1.5625,1.5625,40,40,40,1197.284,1197.284,2.194578,0.3815284,0.00332652847,99.77367,34.0149,2.67978668,5.19848633,33,23.5816574
11/21/2021 18:02:25,2.34375,1.5625,1.953125,39,39,39,1197.284,1197.284,2.160901,0.3549265,0.00285345037,99.77367,33.74321,2.65838242,5.21989059,33,23.58165
11/21/2021 18:07:25,3.90625,2.34375,3.125,40,40,41,1197.28394,1197.28394,2.20418334,0.3889053,0.003372364,99.77367,33.7573471,2.65949631,5.2187767,33,23.5816879
11/21/2021 18:12:25,0.78125,1.5625,1.171875,41,41,41,1197.28345,1197.28345,2.26712728,0.4474071,0.0031281875,99.77362,33.79032,2.662094,5.216179,33,23.5817566
11/21/2021 18:17:25,3.90625,3.125,3.515625,43,43,43,1197.28394,1197.28394,2.22558761,0.403505057,0.00303662615,99.77366,33.7752151,2.660904,5.217369,33,23.58178
11/21/2021 18:22:25,2.34375,2.34375,2.34375,41,38,42,1197.284,1197.284,2.2343142,0.413567483,0.00300604338,99.773674,33.7750778,2.66089249,5.21738052,34,23.5817947
11/21/2021 18:27:25,1.5625,1.5625,1.5625,36,36,37,1197.28418,1197.28418,2.14207625,0.345603973,0.00331123057,99.773674,33.8394241,2.66596222,5.212311,34,23.581871
11/21/2021 18:32:25,1.5625,2.34375,1.953125,40,40,40,1197.284,1197.284,2.21552825,0.401014417,0.00337230531,99.773674,33.81672,2.66417313,5.2141,33,23.5818634
11/21/2021 18:37:25,2.34375,2.34375,2.34375,37,37,38,1197.28418,1197.28418,2.13136625,0.331522465,0.002990813,99.773674,33.61461,2.64825058,5.23002243,34,23.58191
11/21/2021 18:42:25,0.78125,0.78125,0.78125,37,37,38,1197.28394,1197.28394,2.21465921,0.41475457,0.00328068272,99.77366,33.8426666,2.6662178,5.212055,33,23.5819321
11/21/2021 18:47:25,0.78125,2.34375,1.5625,42,42,42,1197.28381,1197.28381,2.156382,0.338267952,0.00337230344,99.77365,33.7874222,2.66186523,5.216408,34,23.5819321
11/21/2021 18:52:25,1.5625,3.90625,2.734375,41,41,42,1197.284,1197.284,2.1809504,0.363522261,0.0030060818,99.77367,33.7976379,2.66267014,5.215603,34,23.5819931
11/21/2021 18:57:25,0.793647766,1.5625,1.17807388,36,36,37,1197.284,1197.284,2.27203035,0.473825425,0.00332659,99.77367,33.765007,2.660099,5.218174,34,23.58197
11/21/2021 19:02:25,3.1129837,2.34375,2.72836685,36,36,36,1197.28418,1197.28418,2.100289,0.305826753,0.00300608063,99.77368,34.03872,2.68166351,5.1966095,34,23.5820389
11/21/2021 19:07:25,3.90625,2.34375,3.125,40,40,41,1197.284,1197.284,2.29701328,0.4813547,0.00335704675,99.773674,34.2068863,2.694912,5.183361,34,23.5822144
11/21/2021 19:12:25,0.78125,3.125,1.953125,43,43,43,1197.2843,1197.2843,2.19456148,0.370564282,0.00303653674,99.7737,34.07335,2.684391,5.193882,35,23.5822067
11/21/2021 19:17:25,0,2.34375,1.171875,45,45,46,1197.28394,1197.28394,2.10528,0.2772615,0.00303660077,99.77367,33.7134857,2.65604019,5.222233,35,23.5822372
11/21/2021 19:22:25,0,2.34375,1.171875,45,45,46,1197.284,1197.284,2.14118314,0.309671968,0.00343333953,99.773674,33.8270721,2.66498947,5.21328354,35,23.58223
11/21/2021 19:27:25,0.78125,1.5625,1.171875,46,46,46,1197.284,1197.284,2.166927,0.3334767,0.0030366003,99.773674,33.8302231,2.66523743,5.21303558,36,23.5822525
11/21/2021 19:32:25,2.2964,3.90625,3.101325,46,46,46,1197.284,1197.284,2.25391,0.419149,0.0034791748,99.773674,33.85855,2.667469,5.210804,36,23.58226
11/21/2021 19:37:25,3.125,1.5625,2.34375,40,40,40,1197.28442,1197.28442,2.22221,0.413224339,0.00300610019,99.7737045,34.0572662,2.68312454,5.19514847,36,23.58229
11/21/2021 19:42:25,0.78125,2.34375,1.5625,38,38,39,1197.284,1197.284,2.22311187,0.42056796,0.003089309,99.773674,33.99684,2.6783638,5.199909,35,23.5823135
11/21/2021 19:47:25,3.8942337,3.8461566,3.87019515,37,37,38,1197.28418,1197.28418,2.18604,0.3873479,0.00314333942,99.77368,34.0635147,2.68361664,5.19465637,35,23.5823975
11/21/2021 19:52:25,2.3317337,3.125,2.72836685,35,37,38,1197.28418,1197.28418,2.206814,0.40521735,0.003173867,99.77368,33.8302765,2.66524124,5.213032,35,23.5824661
11/21/2021 19:57:25,2.34375,1.5625,1.953125,39,39,41,1197.284,1197.284,2.19199181,0.383518815,0.00300613581,99.773674,33.941597,2.67401123,5.204262,34,23.582489
11/21/2021 20:02:25,2.34375,2.34375,2.34375,42,42,43,1197.284,1197.284,2.19593143,0.374742419,0.00289930217,99.77367,34.01204,2.67956161,5.1987114,35,23.5825043
11/21/2021 20:07:25,1.5504837,1.5625,1.55649185,44,44,45,1197.284,1197.284,2.2767787,0.4463497,0.00315867458,99.773674,33.9893341,2.67777252,5.20050049,35,23.58255
11/21/2021 20:12:25,3.90625,3.90625,3.90625,38,38,39,1197.284,1197.284,2.22057724,0.4132825,0.002975561,99.77367,33.9943237,2.67816544,5.20010757,35,23.58255
11/21/2021 20:17:25,0.78125,2.34375,1.5625,37,37,37,1197.2843,1197.2843,2.1232245,0.3232377,0.0030366003,99.77369,33.81991,2.664425,5.213848,35,23.5825729
11/21/2021 20:22:25,1.5625,1.5625,1.5625,36,36,37,1197.28455,1197.28455,2.11559725,0.320689768,0.00302134454,99.77371,33.7842255,2.66161346,5.21665955,34,23.5825577
11/21/2021 20:27:25,0.78125,2.34375,1.5625,42,42,43,1197.28418,1197.28418,2.16207242,0.345744818,0.0033875606,99.77368,33.8102264,2.663662,5.214611,35,23.5825958
11/21/2021 20:32:25,2.34375,3.125,2.734375,42,42,43,1197.28455,1197.28455,2.18667459,0.367276371,0.0032044556,99.77371,33.8057251,2.66330719,5.214966,35,23.5825882
11/21/2021 20:37:25,0,1.5625,0.78125,38,38,38,1197.28394,1197.28394,2.12963152,0.327159077,0.003158672,99.77366,33.9768448,2.67678833,5.20148468,35,23.5818176
11/21/2021 20:42:25,1.5625,2.34375,1.953125,36,36,38,1197.28418,1197.28418,2.212537,0.4120067,0.00302138249,99.77368,34.01558,2.67984,5.198433,34,23.58181
11/21/2021 20:47:25,0,1.5625,0.78125,36,36,37,1197.2843,1197.2843,2.12485647,0.327037156,0.00335704442,99.77369,33.66976,2.65259552,5.22567749,34,23.5818558
11/21/2021 20:52:25,17.1875,16.40625,16.796875,37,37,41,1197.28381,1197.28381,4.214379,2.03723335,0.03155615,99.77365,42.8097038,3.37266541,4.5056076,36,24.6945038
11/21/2021 20:57:25,10.15625,11.71875,10.9375,38,38,39,1197.284,1197.284,3.91137,1.824952,0.140933782,99.773674,35.49913,2.7967186,5.08155441,40,26.9238129
11/21/2021 21:02:25,1.5625,2.34375,1.953125,38,38,38,1197.284,1197.284,2.1993494,0.3918652,0.003341711,99.773674,35.4622421,2.7938118,5.084461,39,26.92392
11/21/2021 21:07:25,2.34375,0,1.171875,37,37,37,1197.2843,1197.2843,2.14772344,0.341061831,0.00454728724,99.77369,34.5771561,2.724083,5.15419,37,26.92395
11/21/2021 21:12:25,3.93145084,3.125,3.52822542,38,38,38,1197.284,1197.284,2.205212,0.402204454,0.00299082161,99.773674,34.5656357,2.723175,5.155098,36,26.9239273
11/21/2021 21:17:25,0.78125,2.34375,1.5625,37,37,38,1197.28467,1197.28467,2.14736,0.345210344,0.00297555653,99.77372,34.62635,2.72795868,5.15031433,35,26.9239731
11/21/2021 21:22:25,3.90625,1.5625,2.734375,35,35,36,1197.28394,1197.28394,2.24905872,0.4459909,0.00334172719,99.77367,34.6472244,2.72960281,5.14867,35,26.9239578
11/21/2021 21:27:25,1.5625,2.34375,1.953125,36,36,36,1197.284,1197.284,2.14675474,0.346301973,0.00312822359,99.773674,34.6913834,2.73308182,5.145191,34,26.9239731
11/21/2021 21:32:25,12.4759617,3.90625,8.191109,34,34,40,1197.284,1197.284,3.23730445,1.37185836,0.00337227155,99.773674,35.487854,2.79582977,5.082443,34,26.923912
11/21/2021 21:37:25,0.78125,2.34375,1.5625,38,38,39,1197.28418,1197.28418,2.11487365,0.306792021,0.00323501183,99.77368,34.46177,2.71499252,5.16328049,38,26.9709473
11/21/2021 21:42:25,2.34375,3.125,2.734375,38,38,38,1197.28394,1197.28394,2.201276,0.393735737,0.00312815653,99.77367,34.2640228,2.6994133,5.17885971,39,26.9709778
11/21/2021 21:47:25,7.8125,4.6875,6.25,38,38,39,1197.28394,1197.28394,2.61624384,0.7869957,0.009308142,99.77366,35.1897278,2.77234268,5.10593033,37,26.9711761
11/21/2021 21:52:26,10.2058525,10.15625,10.1810513,46,46,46,1197.28381,1197.28381,3.770682,1.89552653,0.00276191253,99.77366,39.23196,3.09080124,4.787472,39,27.3544388
11/21/2021 21:57:26,20.3125,17.1875,18.75,41,43,47,2594.11572,2594.11572,6.182587,4.22252226,0.005859549,99.77368,39.10714,3.080967,4.797306,41,27.4415359
11/21/2021 22:02:26,1.5625,1.5625,1.5625,36,38,39,1197.28442,1197.28442,2.300145,0.499632776,0.00250251265,99.7737,36.6622429,2.88835144,4.98992157,42,27.4384842
11/21/2021 22:07:26,4.6875,1.5625,3.125,36,36,37,1197.28333,1197.28333,2.20135665,0.4049063,0.0028534946,99.7736053,36.16104,2.84886551,5.0294075,43,27.4385147
11/21/2021 22:12:26,21.53846,20.7692261,21.1538429,45,46,49,1197.28357,1197.28357,6.620458,4.27457952,0.209762365,99.77363,46.5915375,3.67060852,4.20766449,43,27.51136
11/21/2021 22:17:26,20.3125,33.59375,26.953125,50,46,50,2993.21,2993.21,10.3145323,7.99035263,0.223872468,99.77367,43.89984,3.4585495,4.41972351,43,27.525383
11/21/2021 22:22:26,29.4230766,30.46875,29.94591,50,58,58,2993.21045,3192.75781,11.32247,9.056075,0.214543849,99.77368,44.990612,3.54448318,4.33379,43,27.53933
11/21/2021 22:27:26,9.302884,9.375,9.33894,41,41,42,1197.284,1197.284,2.91136575,0.789335847,0.20819217,99.77367,42.3670464,3.33779144,4.54048157,44,27.5406036
11/21/2021 22:32:26,0,3.125,1.5625,39,39,40,1197.2843,1197.2843,2.17759442,0.363263,0.00317393546,99.77369,36.948452,2.9109,4.967373,44,27.53975
11/21/2021 22:37:26,1.5625,2.34375,1.953125,40,40,40,1197.284,1197.284,2.25236273,0.442647755,0.00338749355,99.773674,36.57305,2.88132477,4.99694824,44,27.5398788
11/21/2021 22:42:26,15.05456,3.16220522,9.108382,38,38,39,1197.28394,1197.28394,4.65419149,2.79161763,0.00292972685,99.77366,36.52318,2.87739563,5.00087738,43,27.5398712
11/21/2021 22:47:26,2.34375,3.1129837,2.72836685,34,36,39,1197.28394,1197.28394,2.31783962,0.502330363,0.00334184943,99.77367,36.267807,2.857277,5.020996,43,27.5398941
11/21/2021 22:52:26,24.0985565,11.71875,17.9086571,45,40,48,2993.21118,2993.21118,7.92872763,6.018894,0.00299083837,99.7737045,36.4203835,2.869297,5.008976,43,27.5399933
11/21/2021 22:57:26,0.78125,1.5625,1.171875,35,35,38,1197.28418,1197.28418,2.17038584,0.3687706,0.00331126,99.77368,36.4495773,2.87159729,5.00667572,43,27.5400085
11/21/2021 23:02:26,15.7986107,2.34375,9.071183,43,40,48,2993.21069,2993.21069,4.669072,2.80425119,0.00314348843,99.77369,37.8371162,2.98091125,4.89736176,41,27.5403519
11/21/2021 23:07:26,2.34375,2.34375,2.34375,37,37,38,1197.28418,1197.28418,2.16941118,0.38917467,0.00147064333,99.773674,37.5616035,2.95920563,4.91906738,39,27.5395813
11/21/2021 23:12:25,2.34375,1.5625,1.953125,37,37,37,1197.2843,1197.2843,2.170039,0.390344828,0.00147008256,99.77369,37.0658226,2.920147,4.958126,37,27.5395737
11/21/2021 23:17:25,0,1.5625,0.78125,36,37,37,1197.28418,1197.28418,2.196736,0.413601816,0.00148014666,99.77368,36.9509239,2.91109467,4.96717834,36,27.5395813
11/21/2021 23:22:25,0.78125,3.90625,2.34375,41,41,42,1197.2843,1197.2843,2.370065,0.5667309,0.00152425654,99.77369,36.96153,2.91193,4.966343,36,27.539566
11/21/2021 23:27:25,0,1.53846145,0.7692337,37,41,43,1197.2843,1197.2843,2.195091,0.394655466,0.00144034834,99.77369,36.9714546,2.912712,4.965561,36,27.5396042
11/21/2021 23:32:25,2.34375,3.125,2.734375,43,43,44,1197.28442,1197.28442,2.15534163,0.348118037,0.00168847758,99.7737045,36.995182,2.9145813,4.96369171,36,27.5395737
11/21/2021 23:37:25,0,0.78125,0.390625,37,37,38,1197.28418,1197.28418,2.12691,0.34641403,0.00143778347,99.77368,36.9874344,2.913971,4.964302,36,27.5393677
11/21/2021 23:42:25,1.53846145,1.53846145,1.53846145,37,37,37,1197.28333,1197.28333,2.160505,0.38128072,0.00158841757,99.7736053,36.9819145,2.913536,4.964737,35,27.5393677
11/21/2021 23:47:25,6.93655,2.34375,4.64015,37,37,37,1197.284,1197.284,2.420907,0.636047363,0.00142962753,99.77367,37.16925,2.92829514,4.949978,35,27.5389557
11/21/2021 23:52:25,0.78125,1.5625,1.171875,40,40,40,1197.284,1197.284,2.19148779,0.396371424,0.00150572776,99.773674,37.0039444,2.91527176,4.96300125,35,27.5389557
11/21/2021 23:57:25,4.6875,2.34375,3.515625,38,38,38,1197.28381,1197.28381,2.40751624,0.626482964,0.001612373,99.77365,36.9675331,2.912403,4.96587,35,27.53897
